1483992962718,0,0,0,0,0,0,0,0,0,0,0,0,0,0,0,0,-0.849942,-1.24498,9.28471,258.111,-42.0713,-1.34748,-10.1061,
1483992962729,0,0,0,0,0,0,0,0,0,0,0,0,0,0,0,0,-0.837971,-1.13725,9.2488,258.601,-38.478,-3.44356,-10.7798,
1483992962742,0,0,0,0,0,0,0,0,0,0,0,0,0,0,0,0,-0.847547,-1.15879,9.19613,258.601,-46.1886,1.79664,-8.75861,
1483992962754,0,0,0,0,0,0,0,0,0,0,0,0,0,0,0,0,-0.902614,-1.10612,9.25598,257.13,-38.7026,-2.69496,-7.71057,
1483992962766,0,0,0,0,0,0,0,0,0,0,0,0,0,0,0,0,-0.893037,-1.11809,9.24641,258.111,-46.8623,-0.3743,-8.68375,
1483992962782,0,0,0,0,0,0,0,0,0,0,0,0,0,0,0,0,-0.85473,-1.20668,9.21768,258.994,-38.1786,-3.29384,-8.01001,
1483992962807,0,0,0,0,0,0,0,0,0,0,0,0,0,0,0,0,-0.778116,-1.16358,9.43076,258.601,-40.2746,-2.6201,-10.1809,
1483992962832,0,0,0,0,0,0,0,0,0,0,0,0,0,0,0,0,-0.830788,-1.16358,9.23444,258.601,-40.9484,-1.42234,-8.45917,
1483992962856,0,0,0,0,0,0,0,0,0,0,0,0,0,0,0,0,-0.869095,-1.20428,9.26317,258.111,-45.5148,-0.748599,-8.30945,
1483992962869,0,0,0,0,0,0,0,0,0,0,0,0,0,0,0,0,-0.88346,-1.10852,9.32781,258.111,-41.4724,-0.524019,-10.7798,
1483992962881,0,0,0,0,0,0,0,0,0,0,0,0,0,0,0,0,-0.857124,-1.1564,9.28232,258.994,-43.7931,-1.72178,-9.73179,
1483992962893,0,0,0,0,0,0,0,0,0,0,0,0,0,0,0,0,-0.811634,-1.14682,9.20092,258.994,-40.5741,-1.72178,-9.20777,
1483992962906,0,0,0,0,0,0,0,0,0,0,0,0,0,0,0,0,-0.826,-1.18513,9.37091,257.621,-41.697,-0.973179,-10.4804,
1483992962918,0,0,0,0,0,0,0,0,0,0,0,0,0,0,0,0,-0.885855,-1.21386,9.15303,258.111,-37.0557,-3.14412,-9.73179,
1483992962930,0,0,0,0,0,0,0,0,0,0,0,0,0,0,0,0,-0.847547,-1.13964,9.32542,258.111,-42.5204,0.524019,-10.0312,
1483992962942,0,0,0,0,0,0,0,0,0,0,0,0,0,0,0,0,-0.806846,-1.1564,9.1267,257.621,-39.002,-4.34188,-8.98319,
1483992962955,0,0,0,0,0,0,0,0,0,0,0,0,0,0,0,0,-0.806846,-1.10373,9.24641,258.111,-40.5741,-0.823459,-9.13291,
1483992962967,0,0,0,0,0,0,0,0,0,0,0,0,0,0,0,0,-0.782904,-1.19471,9.30147,258.601,-40.5741,-1.4972,-9.13291,
1483992962979,0,0,0,0,0,0,0,0,0,0,0,0,0,0,0,0,-0.787692,-1.15161,9.30147,258.601,-41.4724,0.14972,-10.1809,
1483992962991,0,0,0,0,0,0,0,0,0,0,0,0,0,0,0,0,-0.881066,-1.20668,9.26556,258.111,-40.6489,-1.94636,-9.05805,
1483992963004,0,0,0,0,0,0,0,0,0,0,0,0,0,0,0,0,-0.907402,-1.14443,9.1674,257.621,-39.4512,-2.2458,-9.28263,
1483992963016,0,0,0,0,0,0,0,0,0,0,0,0,0,0,0,0,-0.864307,-1.16837,9.35175,257.621,-41.8467,-1.72178,-7.93515,
1483992963028,0,0,0,0,0,0,0,0,0,0,0,0,0,0,0,0,-0.840365,-1.13246,9.33499,258.994,-41.173,-1.57206,-9.80665,
1483992963040,0,0,0,0,0,0,0,0,0,0,0,0,0,0,0,0,-0.890643,-1.13246,9.23444,258.601,-39.4512,-1.19776,-9.80665,
1483992963052,0,0,0,0,0,0,0,0,0,0,0,0,0,0,0,0,-0.828394,-1.12288,9.29908,258.111,-38.1037,-0.44916,-9.95637,
1483992963065,0,0,0,0,0,0,0,0,0,0,0,0,0,0,0,0,-0.847547,-1.1995,9.28471,258.111,-43.1193,-2.09608,-8.53403,
1483992963078,0,0,0,0,0,0,0,0,0,0,0,0,0,0,0,0,-0.895431,-1.16358,9.25838,257.621,-38.1786,-3.29384,-9.65693,
1483992963090,0,0,0,0,0,0,0,0,0,0,0,0,0,0,0,0,-0.895431,-1.10852,9.3326,258.111,-42.1461,-2.09608,-9.88151,
1483992963102,0,0,0,0,0,0,0,0,0,0,0,0,0,0,0,0,-0.938527,-1.18034,9.20092,258.111,-39.6009,-0.29944,-7.26141,
1483992963114,0,0,0,0,0,0,0,0,0,0,0,0,0,0,0,0,-0.876278,-1.12527,9.31105,258.111,-41.5473,0.44916,-9.35749,
1483992963127,0,0,0,0,0,0,0,0,0,0,0,0,0,0,0,0,-0.869095,-1.16358,9.22486,257.621,-35.783,-4.04244,-10.3307,
1483992963139,0,0,0,0,0,0,0,0,0,0,0,0,0,0,0,0,-0.835576,-1.21147,9.24401,258.994,-44.0925,0.673739,-8.90833,
1483992963151,0,0,0,0,0,0,0,0,0,0,0,0,0,0,0,0,-1.41737,1.13246,7.89368,257.621,165.59,-200.026,-88.1101,
1483992963164,0,0,0,0,0,0,0,0,0,0,0,0,0,0,0,0,-0.804452,0.960075,10.3813,257.13,-297.269,-1.34748,-203.694,
1483992963176,0,0,0,0,0,0,0,0,0,0,0,0,0,0,0,0,0.469264,2.63123,10.5967,258.111,-304.231,129.657,-230.194,
1483992963188,0,0,0,0,0,0,0,0,0,0,0,0,0,0,0,0,0.866701,-1.93691,9.07402,258.601,-459.191,231.018,-19.6882,
1483992963201,0,0,0,0,0,0,0,0,0,0,0,0,0,0,0,0,0.488417,3.36146,10.5943,257.621,-19.6882,237.007,-207.512,
1483992963213,0,0,0,0,0,0,0,0,0,0,0,0,0,0,0,0,-0.71826,4.35026,10.8386,257.621,-566.166,599.628,-270.693,
1483992963225,0,0,0,0,0,0,0,0,0,0,0,0,0,0,0,0,-0.711078,3.14598,12.2559,258.111,-209.907,764.694,-254.973,
1483992963237,0,0,0,0,0,0,0,0,0,0,0,0,0,0,0,0,-0.574608,-0.488417,7.10599,258.601,129.807,374.15,-134.224,
1483992963249,0,0,0,0,0,0,0,0,0,0,0,0,0,0,0,0,0.0263362,-4.43167,5.4085,258.111,-102.558,-29.7194,2.47038,
1483992963266,0,0,0,0,0,0,0,0,0,0,0,0,0,0,0,0,0.277727,-4.92008,6.03818,258.111,-145.827,-446.539,2.02122,
1483992963290,0,0,0,0,0,0,0,0,0,0,0,0,0,0,0,0,-2.1883,-4.96318,12.639,258.994,893.378,-95.147,289.109,
1483992963303,0,0,0,0,0,0,0,0,0,0,0,0,0,0,0,0,-2.25055,-2.99515,9.67497,257.621,489.734,264.705,219.414,
1483992963315,0,0,0,0,0,0,0,0,0,0,0,0,0,0,0,0,-1.74298,-2.0638,8.67898,258.111,1055.6,-70.8923,168.959,
1483992963327,0,0,0,0,0,0,0,0,0,0,0,0,0,0,0,0,-3.62243,-3.91691,6.64391,257.621,604.943,-47.2366,39.1517,
1483992963340,0,0,0,0,0,0,0,0,0,0,0,0,0,0,0,0,-0.251391,-3.29203,9.73961,258.601,515.56,125.989,-137.293,
1483992963352,0,0,0,0,0,0,0,0,0,0,0,0,0,0,0,0,-2.19069,-2.74854,9.28232,258.994,-526.265,1083.75,-382.01,
1483992963364,0,0,0,0,0,0,0,0,0,0,0,0,0,0,0,0,-2.11647,-4.45322,10.2975,258.601,-21.4848,583.907,-656.596,
1483992963377,0,0,0,0,0,0,0,0,0,0,0,0,0,0,0,0,0.533907,-0.804452,11.4275,257.13,330.282,355.959,-709.822,
1483992963389,0,0,0,0,0,0,0,0,0,0,0,0,0,0,0,0,-1.15161,-2.91135,13.6829,258.111,649.56,613.178,-953.042,
1483992963401,0,0,0,0,0,0,0,0,0,0,0,0,0,0,0,0,-2.14042,-1.69509,10.4962,258.111,1197.61,541.612,-975.2,
1483992963413,0,0,0,0,0,0,0,0,0,0,0,0,0,0,0,0,-5.95438,0.423774,10.4459,258.601,1700.37,552.092,-681.375,
1483992963426,0,0,0,0,0,0,0,0,0,0,0,0,0,0,0,0,-4.77883,5.27921,7.74524,258.994,2452.94,358.13,-521.175,
1483992963442,0,0,0,0,0,0,0,0,0,0,0,0,0,0,0,0,-1.16358,1.18274,9.39964,257.621,2200.58,446.465,-370.107,
1483992963467,0,0,0,0,0,0,0,0,0,0,0,0,0,0,0,0,-1.54426,1.05105,12.8712,257.13,2159.78,487.039,-281.848,
1483992963479,0,0,0,0,0,0,0,0,0,0,0,0,0,0,0,0,-5.58088,1.29287,15.9981,257.621,2452.94,529.035,-19.0893,
1483992963491,0,0,0,0,0,0,0,0,0,0,0,0,0,0,0,0,-5.56652,2.54264,13.8624,258.111,2452.94,637.807,163.195,
1483992963503,0,0,0,0,0,0,0,0,0,0,0,0,0,0,0,0,-7.29274,1.48919,13.6972,258.601,2452.94,656.222,-105.403,
1483992963516,0,0,0,0,0,0,0,0,0,0,0,0,0,0,0,0,-5.33907,2.88262,12.3972,258.111,2452.94,346.527,108.322,
1483992963528,0,0,0,0,0,0,0,0,0,0,0,0,0,0,0,0,-5.4899,5.09007,14.1809,258.111,1453.33,526.565,117.081,
1483992963540,0,0,0,0,0,0,0,0,0,0,0,0,0,0,0,0,-8.82982,5.49948,12.7515,258.601,1117.51,244.493,276.383,
1483992963552,0,0,0,0,0,0,0,0,0,0,0,0,0,0,0,0,-9.67736,7.38132,12.0189,258.111,512.566,59.9628,413.302,
1483992963565,0,0,0,0,0,0,0,0,0,0,0,0,0,0,0,0,-10.7141,8.41801,9.36372,259.484,-241.348,-422.659,233.788,
1483992963577,0,0,0,0,0,0,0,0,0,0,0,0,0,0,0,0,-9.66539,7.6399,9.34217,257.621,-347.275,-612.13,315.46,
1483992963594,0,0,0,0,0,0,0,0,0,0,0,0,0,0,0,0,-6.78996,6.65109,8.28633,257.621,-335.597,-827.352,506.727,
1483992963618,0,0,0,0,0,0,0,0,0,0,0,0,0,0,0,0,-6.43083,5.05895,7.92002,258.601,-983.51,-1870.52,997.883,
1483992963630,0,0,0,0,0,0,0,0,0,0,0,0,0,0,0,0,-5.91607,4.13479,6.80911,257.621,-780.115,-2418.8,1129.64,
1483992963643,0,0,0,0,0,0,0,0,0,0,0,0,0,0,0,0,-5.51863,3.63919,6.52899,257.621,-544.232,-2453.01,1096.4,
1483992963655,0,0,0,0,0,0,0,0,0,0,0,0,0,0,0,0,-4.03662,3.45962,8.29112,257.621,-405.816,-2453.01,1021.84,
1483992963667,0,0,0,0,0,0,0,0,0,0,0,0,0,0,0,0,-4.19943,4.03184,7.36456,257.621,-460.688,-2453.01,1033.37,
1483992963680,0,0,0,0,0,0,0,0,0,0,0,0,0,0,0,0,-3.24414,3.7996,5.96396,258.111,-574.849,-2453.01,1113.02,
1483992963692,0,0,0,0,0,0,0,0,0,0,0,0,0,0,0,0,-1.89621,3.10528,5.53061,258.111,-609.809,-2453.01,1179.57,
1483992963704,0,0,0,0,0,0,0,0,0,0,0,0,0,0,0,0,-1.40061,3.59609,4.97276,256.738,-727.114,-2453.01,1143.56,
1483992963717,0,0,0,0,0,0,0,0,0,0,0,0,0,0,0,0,-1.29766,4.48195,5.46357,258.601,-833.715,-2453.01,1044.89,
1483992963733,0,0,0,0,0,0,0,0,0,0,0,0,0,0,0,0,0.565032,3.62003,5.77481,258.111,-979.916,-2453.01,880.952,
1483992963757,0,0,0,0,0,0,0,0,0,0,0,0,0,0,0,0,-0.711078,2.09971,6.90727,257.621,-1020.64,-2453.01,676.883,
1483992963769,0,0,0,0,0,0,0,0,0,0,0,0,0,0,0,0,0.991199,1.94649,4.52265,258.111,-1166.02,-2453.01,467.5,
1483992963782,0,0,0,0,0,0,0,0,0,0,0,0,0,0,0,0,2.5594,0.471658,4.21858,258.111,-1242.53,-2453.01,506.951,
1483992963794,0,0,0,0,0,0,0,0,0,0,0,0,0,0,0,0,2.89698,0.670376,2.38702,257.621,-1158.76,-2453.01,446.839,
1483992963806,0,0,0,0,0,0,0,0,0,0,0,0,0,0,0,0,3.67749,1.02472,0.0885855,258.111,-787.302,-2453.01,343.832,
1483992963819,0,0,0,0,0,0,0,0,0,0,0,0,0,0,0,0,5.7389,2.48518,0.397437,258.601,-663.109,-2453.01,469.297,
1483992963831,0,0,0,0,0,0,0,0,0,0,0,0,0,0,0,0,4.10127,2.6408,-0.521936,257.621,-706.753,-2453.01,173.226,
1483992963844,0,0,0,0,0,0,0,0,0,0,0,0,0,0,0,0,5.77003,3.31597,0.320823,258.111,-978.419,-2453.01,389.87,
1483992963856,0,0,0,0,0,0,0,0,0,0,0,0,0,0,0,0,6.45237,1.96085,-0.452504,257.621,-1107.63,-2453.01,136.994,
1483992963868,0,0,0,0,0,0,0,0,0,0,0,0,0,0,0,0,5.63356,1.92733,0.112527,258.111,-1516.66,-2453.01,-132.203,
1483992963880,0,0,0,0,0,0,0,0,0,0,0,0,0,0,0,0,4.01029,0.548272,-1.44131,257.621,-1407.59,-2453.01,-169.183,
1483992963897,0,0,0,0,0,0,0,0,0,0,0,0,0,0,0,0,4.65672,-0.0622492,-3.84509,257.621,-658.468,-2453.01,176.744,
1483992963920,0,0,0,0,0,0,0,0,0,0,0,0,0,0,0,0,4.80037,4.62081,-6.04536,257.621,-187.973,-2453.01,269.346,
1483992963933,0,0,0,0,0,0,0,0,0,0,0,0,0,0,0,0,5.4492,4.25689,-5.66229,257.13,-37.5048,-2453.01,393.539,
1483992963946,0,0,0,0,0,0,0,0,0,0,0,0,0,0,0,0,7.18739,1.38145,-5.56412,257.621,136.47,-2453.01,620.738,
1483992963958,0,0,0,0,0,0,0,0,0,0,0,0,0,0,0,0,6.50744,1.74298,-6.0286,257.13,295.772,-2372.54,497.893,
1483992963970,0,0,0,0,0,0,0,0,0,0,0,0,0,0,0,0,5.38935,0.555455,-4.35505,258.111,610.483,-2252.98,640.576,
1483992963983,0,0,0,0,0,0,0,0,0,0,0,0,0,0,0,0,5.51385,0.280122,-5.01106,258.601,1112.72,-2265.04,754.064,
1483992963995,0,0,0,0,0,0,0,0,0,0,0,0,0,0,0,0,6.51462,0.411803,-6.37097,258.111,853.328,-2453.01,692.978,
1483992964007,0,0,0,0,0,0,0,0,0,0,0,0,0,0,0,0,6.6487,0.605733,-5.46596,258.601,456.571,-2453.01,696.122,
1483992964019,0,0,0,0,0,0,0,0,0,0,0,0,0,0,0,0,5.75087,0.1652,-5.09726,257.13,202.122,-2453.01,688.412,
1483992964032,0,0,0,0,0,0,0,0,0,0,0,0,0,0,0,0,5.20499,0.138864,-4.72137,258.601,14.1485,-2453.01,567.663,
1483992964044,0,0,0,0,0,0,0,0,0,0,0,0,0,0,0,0,5.28161,0.402226,-5.47314,257.621,-197.331,-2453.01,483.745,
1483992964056,0,0,0,0,0,0,0,0,0,0,0,0,0,0,0,0,4.30717,0.586579,-7.14669,257.621,-354.312,-2453.01,401.623,
1483992964073,0,0,0,0,0,0,0,0,0,0,0,0,0,0,0,0,4.47716,0.505177,-7.70215,258.111,-293.301,-2453.01,387.475,
1483992964097,0,0,0,0,0,0,0,0,0,0,0,0,0,0,0,0,2.66235,-0.663194,-9.5792,258.111,-241.573,-2453.01,467.201,
1483992964109,0,0,0,0,0,0,0,0,0,0,0,0,0,0,0,0,2.24576,-0.859518,-9.89763,257.13,-318.08,-2453.01,479.553,
1483992964122,0,0,0,0,0,0,0,0,0,0,0,0,0,0,0,0,2.29843,-0.952892,-10.5728,257.621,-515.935,-2453.01,482.847,
1483992964134,0,0,0,0,0,0,0,0,0,0,0,0,0,0,0,0,2.62165,-0.56982,-11.1259,258.111,-682.273,-2453.01,428.873,
1483992964146,0,0,0,0,0,0,0,0,0,0,0,0,0,0,0,0,2.17633,-0.40462,-12.5743,257.621,-833.79,-2453.01,508.598,
1483992964159,0,0,0,0,0,0,0,0,0,0,0,0,0,0,0,0,2.02071,-0.059855,-12.8664,258.111,-746.578,-2453.01,556.284,
1483992964171,0,0,0,0,0,0,0,0,0,0,0,0,0,0,0,0,1.78368,0.0143652,-13.3429,258.111,-613.402,-2453.01,591.992,
1483992964183,0,0,0,0,0,0,0,0,0,0,0,0,0,0,0,0,1.47722,0.0670376,-13.1537,258.994,-622.535,-2445.52,624.107,
1483992964196,0,0,0,0,0,0,0,0,0,0,0,0,0,0,0,0,0.342371,-0.969652,-14.2886,257.621,-493.102,-2258.22,582.036,
1483992964208,0,0,0,0,0,0,0,0,0,0,0,0,0,0,0,0,-0.232238,-1.41258,-15.05,258.111,-444.219,-1863.56,583.234,
1483992964220,0,0,0,0,0,0,0,0,0,0,0,0,0,0,0,0,-0.857124,-1.74777,-15.3827,256.738,-374.449,-1557.61,522.672,
1483992964236,0,0,0,0,0,0,0,0,0,0,0,0,0,0,0,0,-0.988805,-1.49877,-15.7371,258.601,-381.187,-1365.15,416.446,
1483992964261,0,0,0,0,0,0,0,0,0,0,0,0,0,0,0,0,-1.14922,-1.74777,-16.5296,258.111,-147.249,-782.211,403.121,
1483992964273,0,0,0,0,0,0,0,0,0,0,0,0,0,0,0,0,-1.05105,-1.3623,-16.3572,259.484,-67.6734,-473.863,376.995,
1483992964286,0,0,0,0,0,0,0,0,0,0,0,0,0,0,0,0,-1.40779,-1.45567,-15.7874,258.111,2.02122,-168.51,281.324,
1483992964298,0,0,0,0,0,0,0,0,0,0,0,0,0,0,0,0,-1.2785,-1.79086,-16.5152,258.111,56.8187,104.654,166.788,
1483992964310,0,0,0,0,0,0,0,0,0,0,0,0,0,0,0,0,-1.49877,-1.94649,-16.7139,258.994,89.6073,336.495,97.3928,
1483992964323,0,0,0,0,0,0,0,0,0,0,0,0,0,0,0,0,-1.12527,-2.15478,-16.3716,258.111,187.374,482.397,67.0745,
1483992964335,0,0,0,0,0,0,0,0,0,0,0,0,0,0,0,0,-0.957681,-2.22182,-15.919,258.111,255.796,615.199,28.8959,
1483992964347,0,0,0,0,0,0,0,0,0,0,0,0,0,0,0,0,-0.785298,-2.02789,-15.4402,258.111,279.377,640.352,-26.2758,
1483992964360,0,0,0,0,0,0,0,0,0,0,0,0,0,0,0,0,-0.493206,-1.66636,-15.7084,257.621,304.755,626.428,-73.9616,
1483992964372,0,0,0,0,0,0,0,0,0,0,0,0,0,0,0,0,-0.11971,-1.89621,-15.8975,257.621,309.696,663.933,-90.3559,
1483992964384,0,0,0,0,0,0,0,0,0,0,0,0,0,0,0,0,0.0335188,-1.80762,-16.1609,258.111,266.95,755.411,-104.205,
1483992964396,0,0,0,0,0,0,0,0,0,0,0,0,0,0,0,0,-0.059855,-1.75016,-15.7323,257.13,255.796,889.56,-113.637,
1483992964409,0,0,0,0,0,0,0,0,0,0,0,0,0,0,0,0,-0.371101,-1.76453,-15.1457,257.621,269.795,1012.18,-161.548,
1483992964421,0,0,0,0,0,0,0,0,0,0,0,0,0,0,0,0,0.0837971,-1.99437,-15.1074,257.13,260.438,1081.65,-216.944,
1483992964437,0,0,0,0,0,0,0,0,0,0,0,0,0,0,0,0,0.00957681,-2.11887,-14.2359,257.621,289.334,1139.29,-268.597,
1483992964462,0,0,0,0,0,0,0,0,0,0,0,0,0,0,0,0,0.505177,-1.80523,-13.4794,257.13,387.999,1174.25,-320.924,
1483992964474,0,0,0,0,0,0,0,0,0,0,0,0,0,0,0,0,0.682347,-1.66397,-13.0747,258.601,436.658,1212.66,-348.323,
1483992964486,0,0,0,0,0,0,0,0,0,0,0,0,0,0,0,0,0.845153,-1.51553,-12.9838,258.601,472.216,1187.05,-392.341,
1483992964499,0,0,0,0,0,0,0,0,0,0,0,0,0,0,0,0,0.993594,-1.42694,-12.7204,258.994,528.96,1161.53,-438.604,
1483992964511,0,0,0,0,0,0,0,0,0,0,0,0,0,0,0,0,1.13725,-1.62806,-12.6079,258.601,556.509,1146.7,-463.757,
1483992964523,0,0,0,0,0,0,0,0,0,0,0,0,0,0,0,0,0.950498,-1.35991,-12.3684,257.621,573.502,1196.26,-516.908,
1483992964535,0,0,0,0,0,0,0,0,0,0,0,0,0,0,0,0,1.31442,-1.30005,-12.6079,257.13,606.964,1230.47,-566.016,
1483992964548,0,0,0,0,0,0,0,0,0,0,0,0,0,0,0,0,1.34315,-0.986411,-12.2392,257.13,634.363,1351.07,-586.378,
1483992964560,0,0,0,0,0,0,0,0,0,0,0,0,0,0,0,0,2.13802,-0.981623,-11.0157,257.621,741.338,1669.9,-555.311,
1483992964573,0,0,0,0,0,0,0,0,0,0,0,0,0,0,0,0,1.82438,-0.56982,-11.7148,258.111,694.55,1645.2,-579.042,
1483992964589,0,0,0,0,0,0,0,0,0,0,0,0,0,0,0,0,3.11007,-0.567426,-11.1019,257.621,657.644,1690.94,-683.097,
1483992964613,0,0,0,0,0,0,0,0,0,0,0,0,0,0,0,0,2.03507,-0.428562,-9.89763,258.111,624.556,1948.75,-677.333,
1483992964626,0,0,0,0,0,0,0,0,0,0,0,0,0,0,0,0,1.9393,-0.636858,-9.87129,258.111,568.786,1974.95,-765.592,
1483992964637,0,0,0,0,0,0,0,0,0,0,0,0,0,0,0,0,2.42293,-0.356736,-10.1801,257.13,528.212,2062.02,-896.448,
1483992964650,0,0,0,0,0,0,0,0,0,0,0,0,0,0,0,0,2.11408,-0.344765,-9.414,257.13,587.126,2366.25,-908.799,
1483992964663,0,0,0,0,0,0,0,0,0,0,0,0,0,0,0,0,2.8084,-0.277727,-9.02135,257.621,585.929,2452.94,-934.327,
1483992964675,0,0,0,0,0,0,0,0,0,0,0,0,0,0,0,0,2.95444,-0.0502782,-7.47709,258.111,623.284,2452.94,-994.814,
1483992964687,0,0,0,0,0,0,0,0,0,0,0,0,0,0,0,0,2.96163,0.320823,-6.65588,257.621,708.549,2452.94,-933.279,
1483992964699,0,0,0,0,0,0,0,0,0,0,0,0,0,0,0,0,3.66073,0.260968,-6.01663,257.621,717.757,2452.94,-907.901,
1483992964712,0,0,0,0,0,0,0,0,0,0,0,0,0,0,0,0,3.88818,0.52433,-4.97755,258.111,668.125,2452.94,-917.034,
1483992964724,0,0,0,0,0,0,0,0,0,0,0,0,0,0,0,0,3.9648,0.97444,-5.33428,257.621,644.469,2452.94,-845.243,
1483992964736,0,0,0,0,0,0,0,0,0,0,0,0,0,0,0,0,4.11084,0.699107,-4.61842,257.13,601.499,2452.94,-820.165,
1483992964752,0,0,0,0,0,0,0,0,0,0,0,0,0,0,0,0,4.24253,0.998382,-3.87142,257.621,575.598,2452.94,-804.744,
1483992964777,0,0,0,0,0,0,0,0,0,0,0,0,0,0,0,0,3.85945,0.23942,-2.15957,258.601,511.668,2452.94,-748.15,
1483992964789,0,0,0,0,0,0,0,0,0,0,0,0,0,0,0,0,4.23534,0.500388,-1.33836,258.601,532.553,2452.94,-711.918,
1483992964802,0,0,0,0,0,0,0,0,0,0,0,0,0,0,0,0,4.46279,1.07021,-1.12288,258.994,629.572,2452.94,-727.564,
1483992964814,0,0,0,0,0,0,0,0,0,0,0,0,0,0,0,0,4.21858,1.34794,0.138864,257.621,749.198,2452.94,-677.258,
1483992964826,0,0,0,0,0,0,0,0,0,0,0,0,0,0,0,0,4.52265,1.73819,0.514753,258.111,840.153,2452.94,-654.5,
1483992964839,0,0,0,0,0,0,0,0,0,0,0,0,0,0,0,0,4.7477,1.8579,1.44849,258.111,924.52,2452.94,-627.476,
1483992964851,0,0,0,0,0,0,0,0,0,0,0,0,0,0,0,0,4.30238,2.1452,2.12845,257.621,953.566,2452.94,-620.065,
1483992964863,0,0,0,0,0,0,0,0,0,0,0,0,0,0,0,0,4.43167,2.3128,2.84192,258.601,976.024,2452.94,-644.769,
1483992964876,0,0,0,0,0,0,0,0,0,0,0,0,0,0,0,0,4.21858,2.46603,3.44526,258.994,1050.43,2452.94,-672.542,
1483992964887,0,0,0,0,0,0,0,0,0,0,0,0,0,0,0,0,4.30238,2.16196,3.53384,258.601,1074.46,2452.94,-646.565,
1483992964900,0,0,0,0,0,0,0,0,0,0,0,0,0,0,0,0,4.56335,2.05183,3.66073,258.601,1068.18,2452.94,-669.173,
1483992964912,0,0,0,0,0,0,0,0,0,0,0,0,0,0,0,0,4.37181,2.39181,3.39019,258.111,961.501,2452.94,-700.764,
1483992964929,0,0,0,0,0,0,0,0,0,0,0,0,0,0,0,0,4.52265,3.41174,2.92332,257.621,851.307,2452.94,-727.04,
1483992964953,0,0,0,0,0,0,0,0,0,0,0,0,0,0,0,0,3.22738,3.20584,3.54821,258.601,607.788,2452.94,-707.127,
1483992964966,0,0,0,0,0,0,0,0,0,0,0,0,0,0,0,0,2.70545,3.18429,3.57694,258.111,579.715,2452.94,-689.61,
1483992964978,0,0,0,0,0,0,0,0,0,0,0,0,0,0,0,0,2.69108,2.99275,4.0869,258.601,619.092,2452.94,-610.632,
1483992964990,0,0,0,0,0,0,0,0,0,0,0,0,0,0,0,0,2.4373,3.49793,4.85065,258.111,754.513,2452.94,-551.568,
1483992965002,0,0,0,0,0,0,0,0,0,0,0,0,0,0,0,0,1.35991,3.89537,6.13873,258.601,797.932,2452.94,-489.958,
1483992965015,0,0,0,0,0,0,0,0,0,0,0,0,0,0,0,0,0.842759,4.09887,8.07325,257.621,566.914,2452.94,-468.324,
1483992965027,0,0,0,0,0,0,0,0,0,0,0,0,0,0,0,0,-0.107739,5.2864,7.41963,258.111,439.428,2452.94,-569.684,
1483992965039,0,0,0,0,0,0,0,0,0,0,0,0,0,0,0,0,-0.136469,5.00149,6.98628,257.621,360.451,2452.94,-555.086,
1483992965052,0,0,0,0,0,0,0,0,0,0,0,0,0,0,0,0,-0.68953,5.64792,7.17782,258.111,317.331,2452.94,-404.393,
1483992965064,0,0,0,0,0,0,0,0,0,0,0,0,0,0,0,0,-0.792481,4.15155,6.00705,257.621,337.918,2452.94,-315.609,
1483992965076,0,0,0,0,0,0,0,0,0,0,0,0,0,0,0,0,-0.0550666,3.60806,6.12437,257.621,360.9,2452.94,-133.326,
1483992965089,0,0,0,0,0,0,0,0,0,0,0,0,0,0,0,0,-1.96803,4.63278,6.8139,258.601,452.528,2452.94,27.0244,
1483992965105,0,0,0,0,0,0,0,0,0,0,0,0,0,0,0,0,-3.74453,5.75087,9.2512,258.111,510.994,2452.94,71.4912,
1483992965130,0,0,0,0,0,0,0,0,0,0,0,0,0,0,0,0,-6.12676,7.59201,12.4187,258.601,608.087,2378.08,-21.4099,
1483992965142,0,0,0,0,0,0,0,0,0,0,0,0,0,0,0,0,-6.76601,7.22331,12.8186,257.621,394.736,2155.74,107.723,
1483992965154,0,0,0,0,0,0,0,0,0,0,0,0,0,0,0,0,-7.13712,5.75327,12.4642,258.601,280.051,1725.22,266.277,
1483992965166,0,0,0,0,0,0,0,0,0,0,0,0,0,0,0,0,-7.90087,5.18105,12.5025,258.111,337.843,1244.55,388.074,
1483992965179,0,0,0,0,0,0,0,0,0,0,0,0,0,0,0,0,-7.79791,4.95839,13.3453,258.111,453.726,962.998,453.501,
1483992965191,0,0,0,0,0,0,0,0,0,0,0,0,0,0,0,0,-10.0748,5.83946,13.9103,257.621,393.688,522.223,393.239,
1483992965203,0,0,0,0,0,0,0,0,0,0,0,0,0,0,0,0,-8.22408,5.90889,14.1473,257.13,266.426,-48.1349,370.482,
1483992965216,0,0,0,0,0,0,0,0,0,0,0,0,0,0,0,0,-8.32464,6.80432,14.5567,259.484,341.586,-108.322,225.104,
1483992965228,0,0,0,0,0,0,0,0,0,0,0,0,0,0,0,0,-8.70771,7.37414,14.6405,258.601,181.086,-198.304,131.454,
1483992965244,0,0,0,0,0,0,0,0,0,0,0,0,0,0,0,0,-8.4252,7.79313,14.8177,258.111,-24.7038,-360.001,95.0721,
1483992965268,0,0,0,0,0,0,0,0,0,0,0,0,0,0,0,0,-8.52336,8.10198,15.8113,258.601,-353.713,-557.482,10.9295,
1483992965281,0,0,0,0,0,0,0,0,0,0,0,0,0,0,0,0,-9.37569,8.05888,15.8424,258.994,-490.707,-746.578,-23.8055,
1483992965293,0,0,0,0,0,0,0,0,0,0,0,0,0,0,0,0,-9.19852,7.93199,15.7778,258.994,-662.061,-1036.21,-45.6646,
1483992965305,0,0,0,0,0,0,0,0,0,0,0,0,0,0,0,0,-9.09797,7.74045,14.7674,258.994,-844.794,-1474.22,-70.8175,
1483992965318,0,0,0,0,0,0,0,0,0,0,0,0,0,0,0,0,-8.70771,7.57286,13.702,258.111,-939.417,-1897.47,-90.5056,
1483992965330,0,0,0,0,0,0,0,0,0,0,0,0,0,0,0,0,-7.45076,7.50343,13.0556,257.13,-995.412,-2282.03,-80.175,
1483992965342,0,0,0,0,0,0,0,0,0,0,0,0,0,0,0,0,-6.63433,8.02297,12.979,258.601,-1027.38,-2453.01,-45.2903,
1483992965355,0,0,0,0,0,0,0,0,0,0,0,0,0,0,0,0,-5.79876,7.9272,12.5313,258.601,-1169.16,-2453.01,44.2422,
1483992965371,0,0,0,0,0,0,0,0,0,0,0,0,0,0,0,0,-5.37738,7.52976,12.1362,257.621,-1302.26,-2453.01,149.42,
1483992965395,0,0,0,0,0,0,0,0,0,0,0,0,0,0,0,0,-5.10204,6.39731,9.6606,258.111,-1364.62,-2453.01,295.397,
1483992965408,0,0,0,0,0,0,0,0,0,0,0,0,0,0,0,0,-3.78523,5.93523,8.15465,258.994,-1342.24,-2453.01,304.605,
1483992965420,0,0,0,0,0,0,0,0,0,0,0,0,0,0,0,0,-2.62165,5.4923,6.73728,258.111,-1357.43,-2453.01,325.566,
1483992965433,0,0,0,0,0,0,0,0,0,0,0,0,0,0,0,0,-1.29526,4.84826,5.59286,257.621,-1339.54,-2453.01,367.787,
1483992965445,0,0,0,0,0,0,0,0,0,0,0,0,0,0,0,0,-0.517148,3.96001,4.98712,258.601,-1292.31,-2453.01,434.188,
1483992965457,0,0,0,0,0,0,0,0,0,0,0,0,0,0,0,0,-0.1652,3.7182,3.84509,258.601,-1267.68,-2453.01,454.924,
1483992965469,0,0,0,0,0,0,0,0,0,0,0,0,0,0,0,0,0.878672,2.94966,2.88501,258.111,-1201.65,-2453.01,515.56,
1483992965482,0,0,0,0,0,0,0,0,0,0,0,0,0,0,0,0,1.15161,2.7246,2.46363,258.994,-1145.81,-2453.01,541.911,
1483992965494,0,0,0,0,0,0,0,0,0,0,0,0,0,0,0,0,2.00395,2.4349,1.52271,258.601,-1067.13,-2453.01,522.298,
1483992965507,0,0,0,0,0,0,0,0,0,0,0,0,0,0,0,0,3.0981,1.61609,0.715866,258.994,-977.671,-2453.01,513.764,
1483992965523,0,0,0,0,0,0,0,0,0,0,0,0,0,0,0,0,4.01986,1.83875,0.656011,258.111,-891.731,-2453.01,531.131,
1483992965547,0,0,0,0,0,0,0,0,0,0,0,0,0,0,0,0,4.44843,2.07098,0.248997,258.994,-913.815,-2453.01,516.608,
1483992965559,0,0,0,0,0,0,0,0,0,0,0,0,0,0,0,0,4.33111,1.89381,0.11971,257.621,-899.816,-2453.01,500.139,
1483992965572,0,0,0,0,0,0,0,0,0,0,0,0,0,0,0,0,4.54659,1.62087,-0.641646,258.994,-947.053,-2453.01,535.847,
1483992965584,0,0,0,0,0,0,0,0,0,0,0,0,0,0,0,0,4.55138,1.52511,-0.986411,258.601,-932.231,-2453.01,612.504,
1483992965596,0,0,0,0,0,0,0,0,0,0,0,0,0,0,0,0,4.5849,1.28329,-1.86029,258.601,-962.773,-2453.01,630.77,
1483992965609,0,0,0,0,0,0,0,0,0,0,0,0,0,0,0,0,4.35026,0.538695,-3.00233,258.994,-891.357,-2453.01,621.562,
1483992965621,0,0,0,0,0,0,0,0,0,0,0,0,0,0,0,0,3.91931,1.29047,-3.62003,257.621,-818.369,-2453.01,599.029,
1483992965633,0,0,0,0,0,0,0,0,0,0,0,0,0,0,0,0,4.22098,1.05105,-3.12443,258.111,-688.636,-2453.01,594.388,
1483992965646,0,0,0,0,0,0,0,0,0,0,0,0,0,0,0,0,4.29759,0.955286,-3.49793,258.601,-671.494,-2453.01,632.866,
1483992965658,0,0,0,0,0,0,0,0,0,0,0,0,0,0,0,0,3.93128,1.41258,-4.60644,258.111,-642.298,-2453.01,622.535,
1483992965669,0,0,0,0,0,0,0,0,0,0,0,0,0,0,0,0,2.03986,0.64404,-4.42209,258.601,-960.677,-2453.01,1049.39,
1483992965686,0,0,0,0,0,0,0,0,0,0,0,0,0,0,0,0,4.32153,1.00078,-5.33428,258.601,-650.458,-2453.01,767.988,
1483992965711,0,0,0,0,0,0,0,0,0,0,0,0,0,0,0,0,3.78523,-0.112527,-6.30633,258.994,-664.082,-2453.01,722.024,
1483992965723,0,0,0,0,0,0,0,0,0,0,0,0,0,0,0,0,3.16992,0.227449,-6.6463,259.974,-586.003,-2453.01,708.624,
1483992965735,0,0,0,0,0,0,0,0,0,0,0,0,0,0,0,0,3.1364,-0.248997,-7.64229,258.994,-754.214,-2453.01,752.193,
1483992965748,0,0,0,0,0,0,0,0,0,0,0,0,0,0,0,0,2.04225,2.65038,-7.52019,258.601,-1055.15,-2453.01,678.905,
1483992965760,0,0,0,0,0,0,0,0,0,0,0,0,0,0,0,0,1.87227,-1.32399,-8.51378,258.601,-1118.71,-2453.01,722.997,
1483992965773,0,0,0,0,0,0,0,0,0,0,0,0,0,0,0,0,2.63123,-0.667982,-10.7571,259.484,-1318.51,-2453.01,648.362,
1483992965785,0,0,0,0,0,0,0,0,0,0,0,0,0,0,0,0,0.488417,0.023942,-11.4036,258.601,-1232.87,-2453.01,688.936,
1483992965797,0,0,0,0,0,0,0,0,0,0,0,0,0,0,0,0,0.244209,-0.500388,-10.4124,258.111,-849.735,-2453.01,699.416,
1483992965809,0,0,0,0,0,0,0,0,0,0,0,0,0,0,0,0,-0.189142,-1.02951,-11.4634,259.484,-816.123,-2453.01,665.205,
1483992965822,0,0,0,0,0,0,0,0,0,0,0,0,0,0,0,0,-0.047884,-1.4054,-11.5879,258.111,-915.687,-2453.01,534.799,
1483992965838,0,0,0,0,0,0,0,0,0,0,0,0,0,0,0,0,-0.416591,-2.09014,-12.8186,258.994,-936.348,-2453.01,480.825,
1483992965863,0,0,0,0,0,0,0,0,0,0,0,0,0,0,0,0,-0.909797,-1.93451,-13.9079,258.601,-939.267,-1976.83,283.944,
1483992965875,0,0,0,0,0,0,0,0,0,0,0,0,0,0,0,0,-0.876278,-1.78129,-14.5639,258.601,-803.097,-1671.17,230.419,
1483992965887,0,0,0,0,0,0,0,0,0,0,0,0,0,0,0,0,-1.02951,-1.92015,-14.6358,258.601,-697.694,-1397.56,203.619,
1483992965899,0,0,0,0,0,0,0,0,0,0,0,0,0,0,0,0,-0.648829,-2.08535,-14.6358,258.601,-550.37,-1131.21,208.934,
1483992965912,0,0,0,0,0,0,0,0,0,0,0,0,0,0,0,0,-0.61531,-1.99676,-14.686,258.994,-513.165,-862.311,168.659,
1483992965924,0,0,0,0,0,0,0,0,0,0,0,0,0,0,0,0,-0.519542,-2.09732,-14.7579,259.484,-393.314,-555.161,180.562,
1483992965937,0,0,0,0,0,0,0,0,0,0,0,0,0,0,0,0,-0.670376,-2.25534,-15.2128,258.994,-356.633,-314.037,171.729,
1483992965948,0,0,0,0,0,0,0,0,0,0,0,0,0,0,0,0,-0.272939,-2.24337,-15.4761,259.484,-364.942,-150.918,121.573,
1483992965961,0,0,0,0,0,0,0,0,0,0,0,0,0,0,0,0,-0.174777,-2.08774,-15.4402,258.994,-341.286,-74.5605,121.573,
1483992965973,0,0,0,0,0,0,0,0,0,0,0,0,0,0,0,0,0.213084,-2.14281,-15.4067,258.601,-322.871,0.598879,139.689,
1483992965985,0,0,0,0,0,0,0,0,0,0,0,0,0,0,0,0,0.0071826,-2.37505,-15.864,258.994,-300.039,77.0309,137.143,
1483992965998,0,0,0,0,0,0,0,0,0,0,0,0,0,0,0,0,0.0430956,-2.58574,-15.9813,258.994,-270.693,154.885,116.482,
1483992966014,0,0,0,0,0,0,0,0,0,0,0,0,0,0,0,0,0.225055,-2.6025,-16.0555,258.994,-257.069,216.944,80.3996,
1483992966038,0,0,0,0,0,0,0,0,0,0,0,0,0,0,0,0,1.00796,-2.02789,-16.2806,258.994,-179.814,336.271,25.3775,
1483992966051,0,0,0,0,0,0,0,0,0,0,0,0,0,0,0,0,1.17316,-1.72143,-16.4984,258.994,-118.952,363.145,15.1217,
1483992966063,0,0,0,0,0,0,0,0,0,0,0,0,0,0,0,0,1.3623,-1.68073,-16.8241,258.994,-39.3015,474.836,13.9988,
1483992966075,0,0,0,0,0,0,0,0,0,0,0,0,0,0,0,0,1.55384,-1.81002,-17.0084,258.111,-12.5016,630.77,-1.19776,
1483992966088,0,0,0,0,0,0,0,0,0,0,0,0,0,0,0,0,1.41976,-2.01352,-16.9797,258.994,-22.458,758.256,-18.1161,
1483992966100,0,0,0,0,0,0,0,0,0,0,0,0,0,0,0,0,1.38624,-2.06141,-16.8456,258.601,-31.3663,869.947,-67.9728,
1483992966113,0,0,0,0,0,0,0,0,0,0,0,0,0,0,0,0,1.1995,-2.0231,-16.4314,259.974,3.51842,963.971,-109.071,
1483992966125,0,0,0,0,0,0,0,0,0,0,0,0,0,0,0,0,1.09894,-1.83396,-15.5982,258.111,68.4968,936.947,-149.121,
1483992966137,0,0,0,0,0,0,0,0,0,0,0,0,0,0,0,0,1.45807,-1.40061,-15.117,258.601,134.972,848.238,-190.968,
1483992966149,0,0,0,0,0,0,0,0,0,0,0,0,0,0,0,0,1.55144,-1.04866,-14.9901,258.601,249.808,737.071,-188.273,
1483992966162,0,0,0,0,0,0,0,0,0,0,0,0,0,0,0,0,1.58257,-0.90022,-14.6142,259.974,351.542,631.369,-222.035,
1483992966174,0,0,0,0,0,0,0,0,0,0,0,0,0,0,0,0,1.41976,-0.890643,-15.0069,258.601,372.503,619.316,-275.934,
1483992966186,0,0,0,0,0,0,0,0,0,0,0,0,0,0,0,0,1.44849,-0.519542,-15.4929,260.367,370.033,736.172,-326.015,
1483992966199,0,0,0,0,0,0,0,0,0,0,0,0,0,0,0,0,1.50835,-0.160412,-15.0715,259.974,395.784,1037.26,-347.2,
1483992966215,0,0,0,0,0,0,0,0,0,0,0,0,0,0,0,0,1.30963,-0.438139,-14.8153,259.484,415.772,1418.6,-360.9,
1483992966239,0,0,0,0,0,0,0,0,0,0,0,0,0,0,0,0,1.13485,-0.586579,-13.1513,258.601,476.783,2044.5,-442.871,
1483992966252,0,0,0,0,0,0,0,0,0,0,0,0,0,0,0,0,1.6927,-0.562637,-12.3445,258.111,495.348,2193.4,-459.041,
1483992966264,0,0,0,0,0,0,0,0,0,0,0,0,0,0,0,0,1.22823,-0.385466,-11.825,259.484,592.591,2346.04,-452.603,
1483992966276,0,0,0,0,0,0,0,0,0,0,0,0,0,0,0,0,2.22182,0.0143652,-12.3277,258.601,558.305,2338.77,-533.377,
1483992966288,0,0,0,0,0,0,0,0,0,0,0,0,0,0,0,0,2.08056,0.241814,-11.8585,258.994,563.396,2452.94,-644.694,
1483992966301,0,0,0,0,0,0,0,0,0,0,0,0,0,0,0,0,2.24816,0.677559,-11.248,259.484,583.234,2452.94,-655.698,
1483992966313,0,0,0,0,0,0,0,0,0,0,0,0,0,0,0,0,2.98796,1.43892,-10.3334,258.994,645.143,2452.94,-643.271,
1483992966326,0,0,0,0,0,0,0,0,0,0,0,0,0,0,0,0,2.73178,1.58017,-8.5904,260.367,699.267,2452.94,-585.779,
1483992966338,0,0,0,0,0,0,0,0,0,0,0,0,0,0,0,0,2.57856,1.57299,-7.76918,259.974,763.496,2452.94,-526.864,
1483992966350,0,0,0,0,0,0,0,0,0,0,0,0,0,0,0,0,2.93769,1.14922,-6.92882,258.994,815.449,2452.94,-523.495,
1483992966362,0,0,0,0,0,0,0,0,0,0,0,0,0,0,0,0,3.2609,1.4461,-5.8634,258.994,926.167,2452.94,-542.809,
1483992966375,0,0,0,0,0,0,0,0,0,0,0,0,0,0,0,0,3.45723,1.75734,-5.03261,259.484,1045.34,2452.94,-509.646,
1483992966390,0,0,0,0,0,0,0,0,0,0,0,0,0,0,0,0,4.26647,1.64721,-4.12521,259.974,1096.32,2452.94,-482.173,
1483992966415,0,0,0,0,0,0,0,0,0,0,0,0,0,0,0,0,4.52744,1.21625,-3.0981,259.484,1149.32,2452.94,-417.718,
1483992966428,0,0,0,0,0,0,0,0,0,0,0,0,0,0,0,0,4.65912,0.938527,-2.75573,259.974,1114.89,2452.94,-432.017,
1483992966440,0,0,0,0,0,0,0,0,0,0,0,0,0,0,0,0,5.91368,1.29526,-1.59454,259.484,1167.81,2452.94,-483.969,
1483992966452,0,0,0,0,0,0,0,0,0,0,0,0,0,0,0,0,4.84826,1.1971,-1.66397,259.974,1216.32,2452.94,-510.096,
1483992966465,0,0,0,0,0,0,0,0,0,0,0,0,0,0,0,0,4.29759,1.96803,-0.988805,259.974,1183.83,2452.94,-516.009,
1483992966477,0,0,0,0,0,0,0,0,0,0,0,0,0,0,0,0,4.89375,1.49159,-0.107739,259.484,1265.28,2452.94,-578.293,
1483992966489,0,0,0,0,0,0,0,0,0,0,0,0,0,0,0,0,4.31196,1.61369,-0.0191536,259.484,1271.5,2452.94,-556.658,
1483992966502,0,0,0,0,0,0,0,0,0,0,0,0,0,0,0,0,4.48434,1.6089,0.0143652,259.974,1200.68,2452.94,-594.313,
1483992966514,0,0,0,0,0,0,0,0,0,0,0,0,0,0,0,0,3.73017,1.97761,0.122104,259.974,1270.15,2452.94,-556.958,
1483992966526,0,0,0,0,0,0,0,0,0,0,0,0,0,0,0,0,3.9217,1.83396,0.294487,259.484,1291.33,2370.59,-608.312,
1483992966538,0,0,0,0,0,0,0,0,0,0,0,0,0,0,0,0,4.06296,1.95606,0.201113,259.974,1320.53,2316.91,-603.596,
1483992966551,0,0,0,0,0,0,0,0,0,0,0,0,0,0,0,0,3.66792,2.34392,0.497994,260.367,1304.28,2410.19,-630.395,
1483992966567,0,0,0,0,0,0,0,0,0,0,0,0,0,0,0,0,3.07655,2.4373,1.35751,259.974,1321.2,2452.94,-659.366,
1483992966591,0,0,0,0,0,0,0,0,0,0,0,0,0,0,0,0,2.28407,3.29682,2.98078,260.857,1355.41,2452.94,-696.347,
1483992966604,0,0,0,0,0,0,0,0,0,0,0,0,0,0,0,0,2.1476,3.05979,3.24414,259.484,1310.35,2452.94,-750.92,
1483992966616,0,0,0,0,0,0,0,0,0,0,0,0,0,0,0,0,2.22421,3.61285,3.23935,259.484,1312.52,2452.94,-825.331,
1483992966629,0,0,0,0,0,0,0,0,0,0,0,0,0,0,0,0,2.1045,4.90572,3.84509,259.974,1274.27,2452.94,-840.452,
1483992966641,0,0,0,0,0,0,0,0,0,0,0,0,0,0,0,0,1.63763,5.98072,4.7884,259.974,1269.62,2452.94,-860.515,
1483992966653,0,0,0,0,0,0,0,0,0,0,0,0,0,0,0,0,0.794875,5.70538,6.13634,258.994,1265.81,2452.94,-851.532,
1483992966665,0,0,0,0,0,0,0,0,0,0,0,0,0,0,0,0,0.0981623,5.45639,5.97832,259.974,1244.92,2452.94,-907.976,
1483992966678,0,0,0,0,0,0,0,0,0,0,0,0,0,0,0,0,0.0790087,5.05655,6.14352,259.484,1156.89,2452.94,-814.177,
1483992966690,0,0,0,0,0,0,0,0,0,0,0,0,0,0,0,0,0.758962,4.83629,5.43484,260.367,1048.41,2452.94,-800.926,
1483992966702,0,0,0,0,0,0,0,0,0,0,0,0,0,0,0,0,0.395043,5.66468,5.45399,259.974,1010.68,2452.94,-770.683,
1483992966718,0,0,0,0,0,0,0,0,0,0,0,0,0,0,0,0,-0.464475,7.04135,6.34463,260.367,884.769,2452.94,-708.549,
1483992966743,0,0,0,0,0,0,0,0,0,0,0,0,0,0,0,0,-3.18668,8.70771,9.51216,259.484,587.501,2452.94,-613.777,
1483992966756,0,0,0,0,0,0,0,0,0,0,0,0,0,0,0,0,-3.45004,7.58723,9.67257,260.367,461.586,2452.94,-548.948,
1483992966768,0,0,0,0,0,0,0,0,0,0,0,0,0,0,0,0,-2.62405,13.0484,4.40294,259.974,-453.951,2452.94,34.0613,
1483992966780,0,0,0,0,0,0,0,0,0,0,0,0,0,0,0,0,-4.0055,7.40287,9.98861,260.367,-100.537,2452.94,-314.487,
1483992966792,0,0,0,0,0,0,0,0,0,0,0,0,0,0,0,0,-4.8315,6.97431,9.48822,260.367,-139.763,2452.94,-130.181,
1483992966805,0,0,0,0,0,0,0,0,0,0,0,0,0,0,0,0,-7.11078,8.50899,9.17937,260.857,-287.238,2452.94,177.717,
1483992966817,0,0,0,0,0,0,0,0,0,0,0,0,0,0,0,0,-8.1355,8.22648,11.643,260.367,-307.375,2235.99,83.394,
1483992966829,0,0,0,0,0,0,0,0,0,0,0,0,0,0,0,0,-8.88967,8.43238,12.2799,260.367,-224.28,1970.24,192.091,
1483992966845,0,0,0,0,0,0,0,0,0,0,0,0,0,0,0,0,-8.93037,8.14986,12.5696,261.347,-352.141,1668.33,174.049,
1483992966870,0,0,0,0,0,0,0,0,0,0,0,0,0,0,0,0,-9.67736,6.95276,12.6414,260.367,-465.629,801.675,226.826,
1483992966883,0,0,0,0,0,0,0,0,0,0,0,0,0,0,0,0,-9.6223,6.36139,11.5209,259.484,-295.322,194.037,184.006,
1483992966895,0,0,0,0,0,0,0,0,0,0,0,0,0,0,0,0,-10.0078,6.19619,10.5393,260.857,-180.712,-379.24,114.161,
1483992966907,0,0,0,0,0,0,0,0,0,0,0,0,0,0,0,0,-9.17937,7.15148,11.4179,260.857,43.6433,-181.236,92.2274,
1483992966919,0,0,0,0,0,0,0,0,0,0,0,0,0,0,0,0,-9.80186,7.40527,12.4786,260.367,-99.938,-477.681,39.6009,
1483992966932,0,0,0,0,0,0,0,0,0,0,0,0,0,0,0,0,-10.398,7.8865,13.386,260.367,-381.262,-580.015,-72.5393,
1483992966944,0,0,0,0,0,0,0,0,0,0,0,0,0,0,0,0,-11.1139,8.10916,13.6996,260.857,-581.587,-544.157,-164.018,
1483992966956,0,0,0,0,0,0,0,0,0,0,0,0,0,0,0,0,-11.2743,7.44597,13.8217,260.857,-720.751,-812.829,-242.92,
1483992966973,0,0,0,0,0,0,0,0,0,0,0,0,0,0,0,0,-11.7029,7.00543,13.1801,259.974,-827.352,-1223.66,-308.123,
1483992966997,0,0,0,0,0,0,0,0,0,0,0,0,0,0,0,0,-9.96227,6.25605,11.0301,260.367,-737.221,-2194.07,-450.881,
1483992967009,0,0,0,0,0,0,0,0,0,0,0,0,0,0,0,0,-9.60314,6.16268,10.5321,259.974,-653.677,-2453.01,-319.427,
1483992967021,0,0,0,0,0,0,0,0,0,0,0,0,0,0,0,0,-8.23605,5.60243,9.81383,260.857,-678.006,-2453.01,-251.679,
1483992967034,0,0,0,0,0,0,0,0,0,0,0,0,0,0,0,0,-7.14669,5.81552,9.23683,260.857,-684.22,-2453.01,-207.811,
1483992967046,0,0,0,0,0,0,0,0,0,0,0,0,0,0,0,0,-6.58645,5.41808,8.82742,261.347,-682.124,-2453.01,-173.45,
1483992967059,0,0,0,0,0,0,0,0,0,0,0,0,0,0,0,0,-6.13394,4.82671,8.28154,260.367,-650.458,-2453.01,-161.473,
1483992967071,0,0,0,0,0,0,0,0,0,0,0,0,0,0,0,0,-5.43484,5.01346,7.25443,260.367,-666.178,-2453.01,-165.665,
1483992967083,0,0,0,0,0,0,0,0,0,0,0,0,0,0,0,0,-2.73178,4.53701,5.51624,259.974,-720.227,-2453.01,-200.849,
1483992967100,0,0,0,0,0,0,0,0,0,0,0,0,0,0,0,0,-1.53708,4.18028,4.30477,259.484,-757.882,-2453.01,-221.061,
1483992967124,0,0,0,0,0,0,0,0,0,0,0,0,0,0,0,0,-0.447716,3.20344,2.74615,260.367,-649.41,-2453.01,-226.302,
1483992967149,0,0,0,0,0,0,0,0,0,0,0,0,0,0,0,0,2.16196,3.51708,1.65918,260.367,-440.176,-2453.01,-350.344,
1483992967161,0,0,0,0,0,0,0,0,0,0,0,0,0,0,0,0,3.40934,3.90973,1.0319,260.857,-410.682,-2453.01,-252.727,
1483992967173,0,0,0,0,0,0,0,0,0,0,0,0,0,0,0,0,4.89614,3.47878,0.134075,261.347,-424.231,-2453.01,-160.051,
1483992967185,0,0,0,0,0,0,0,0,0,0,0,0,0,0,0,0,5.39892,2.37026,-0.512359,261.347,-341.736,-2453.01,38.4031,
1483992967198,0,0,0,0,0,0,0,0,0,0,0,0,0,0,0,0,6.15789,1.68552,-1.56341,261.347,-105.103,-2453.01,-2.39552,
1483992967210,0,0,0,0,0,0,0,0,0,0,0,0,0,0,0,0,6.2776,0.912191,-3.15795,260.857,135.871,-2453.01,-112.29,
1483992967222,0,0,0,0,0,0,0,0,0,0,0,0,0,0,0,0,8.54491,-0.071826,-4.85305,261.347,559.204,-2453.01,-56.7438,
1483992967235,0,0,0,0,0,0,0,0,0,0,0,0,0,0,0,0,9.8689,0.0957681,-6.79474,259.974,1071.17,-2408.02,137.368,
1483992967247,0,0,0,0,0,0,0,0,0,0,0,0,0,0,0,0,11.3054,1.65439,-7.51779,260.857,1435.29,-1863.04,38.1037,
1483992967259,0,0,0,0,0,0,0,0,0,0,0,0,0,0,0,0,12.8856,2.71263,-6.53856,261.347,1695.05,-1476.09,197.555,
1483992967275,0,0,0,0,0,0,0,0,0,0,0,0,0,0,0,0,13.6805,3.54102,-5.42287,260.367,2030.05,-1142.51,282.222,
1483992967300,0,0,0,0,0,0,0,0,0,0,0,0,0,0,0,0,14.5735,2.806,-5.54258,260.367,2062.47,-989.573,171.354,
1483992967313,0,0,0,0,0,0,0,0,0,0,0,0,0,0,0,0,13.2998,1.86269,-7.11796,260.367,1777.02,-884.245,7.63571,
1483992967324,0,0,0,0,0,0,0,0,0,0,0,0,0,0,0,0,12.7084,1.85311,-6.33985,261.347,1468.75,-578.443,-152.939,
1483992967337,0,0,0,0,0,0,0,0,0,0,0,0,0,0,0,0,11.1259,1.67115,-5.66947,260.857,1258.77,-446.24,-283.195,
1483992967349,0,0,0,0,0,0,0,0,0,0,0,0,0,0,0,0,9.77074,1.30484,-5.74848,260.857,1208.09,-514.213,-415.023,
1483992967362,0,0,0,0,0,0,0,0,0,0,0,0,0,0,0,0,9.83538,0.816423,-3.18668,261.347,1488.96,-114.236,-571.106,
1483992967374,0,0,0,0,0,0,0,0,0,0,0,0,0,0,0,0,9.18895,1.27611,-3.8834,260.857,1774.18,-241.049,-763.496,
1483992967386,0,0,0,0,0,0,0,0,0,0,0,0,0,0,0,0,9.73243,2.20506,-5.81312,260.857,1883.78,-158.254,-1027.15,
1483992967399,0,0,0,0,0,0,0,0,0,0,0,0,0,0,0,0,8.2169,2.9736,-5.17148,260.367,2044.72,-149.046,-1322.25,
1483992967411,0,0,0,0,0,0,0,0,0,0,0,0,0,0,0,0,7.96072,3.37104,-4.81474,261.347,2270.95,11.6033,-1628.2,
1483992967427,0,0,0,0,0,0,0,0,0,0,0,0,0,0,0,0,8.36773,4.14436,-3.96959,260.857,2253.28,284.019,-1829.8,
1483992967451,0,0,0,0,0,0,0,0,0,0,0,0,0,0,0,0,8.18578,4.88178,-2.70305,260.857,1857.87,1019.44,-1940.29,
1483992967464,0,0,0,0,0,0,0,0,0,0,0,0,0,0,0,0,8.12592,4.55617,-3.88579,259.974,1802.48,1235.86,-1858.7,
1483992967476,0,0,0,0,0,0,0,0,0,0,0,0,0,0,0,0,8.19775,5.8203,-5.12838,260.857,1731.36,1344.26,-1753.14,
1483992967489,0,0,0,0,0,0,0,0,0,0,0,0,0,0,0,0,6.18422,4.77883,-8.51378,260.857,1962.68,1194.32,-1669.53,
1483992967501,0,0,0,0,0,0,0,0,0,0,0,0,0,0,0,0,5.19542,3.74214,-9.30147,259.974,2273.35,1369.64,-1701.49,
1483992967513,0,0,0,0,0,0,0,0,0,0,0,0,0,0,0,0,6.27281,2.41814,-6.20098,261.347,2378.9,1420.02,-1752.17,
1483992967525,0,0,0,0,0,0,0,0,0,0,0,0,0,0,0,0,5.03261,4.77643,-1.36469,260.367,2075.27,1361.55,-1815.5,
1483992967542,0,0,0,0,0,0,0,0,0,0,0,0,0,0,0,0,3.37582,6.34224,-2.57377,261.347,1897.1,1479.23,-1787.06,
1483992967566,0,0,0,0,0,0,0,0,0,0,0,0,0,0,0,0,1.51074,7.71172,-3.78044,260.367,2097.35,896.073,-2105.14,
1483992967579,0,0,0,0,0,0,0,0,0,0,0,0,0,0,0,0,2.45406,8.53054,-5.02543,260.857,2152.6,868.749,-2291.24,
1483992967591,0,0,0,0,0,0,0,0,0,0,0,0,0,0,0,0,2.6432,8.92558,-4.8315,260.367,2424.26,301.685,-2412.89,
1483992967603,0,0,0,0,0,0,0,0,0,0,0,0,0,0,0,0,4.4173,9.54808,-4.2114,261.347,2452.94,553.814,-2375.08,
1483992967616,0,0,0,0,0,0,0,0,0,0,0,0,0,0,0,0,3.66552,9.24401,-3.47399,260.857,2238.76,1162.65,-2286.82,
1483992967628,0,0,0,0,0,0,0,0,0,0,0,0,0,0,0,0,2.67911,9.6199,-4.37421,260.857,2062.47,1530.36,-2277.54,
1483992967640,0,0,0,0,0,0,0,0,0,0,0,0,0,0,0,0,2.03986,8.68138,-4.24013,261.347,2183.44,1599.38,-2366.7,
1483992967653,0,0,0,0,0,0,0,0,0,0,0,0,0,0,0,0,1.65918,8.64546,-4.5849,260.367,1790.57,1890.51,-2453.01,
1483992967669,0,0,0,0,0,0,0,0,0,0,0,0,0,0,0,0,1.63045,9.07163,-5.67905,260.367,1549.3,2079.08,-2453.01,
1483992967694,0,0,0,0,0,0,0,0,0,0,0,0,0,0,0,0,2.11887,9.73961,-5.6144,260.857,1953.92,2070.25,-2453.01,
1483992967705,0,0,0,0,0,0,0,0,0,0,0,0,0,0,0,0,2.54025,10.4315,-4.14676,259.974,1981.62,2173.41,-2453.01,
1483992967718,0,0,0,0,0,0,0,0,0,0,0,0,0,0,0,0,-1.21147,10.7548,-3.98395,260.857,1878.76,1775.83,-2453.01,
1483992967730,0,0,0,0,0,0,0,0,0,0,0,0,0,0,0,0,-0.826,9.45949,-5.7389,261.347,2101.17,1532.46,-2350.6,
1483992967743,0,0,0,0,0,0,0,0,0,0,0,0,0,0,0,0,-0.766145,9.00699,-7.87692,260.857,2089.64,1312.29,-2320.06,
1483992967755,0,0,0,0,0,0,0,0,0,0,0,0,0,0,0,0,-0.893037,8.43477,-7.91523,261.347,1922.93,1139.89,-2122.73,
1483992967767,0,0,0,0,0,0,0,0,0,0,0,0,0,0,0,0,-2.40378,9.40203,-7.762,259.974,1879.28,705.705,-1916.86,
1483992967783,0,0,0,0,0,0,0,0,0,0,0,0,0,0,0,0,-2.11647,9.83538,-7.51061,259.974,1841.55,431.792,-1684.57,
1483992967808,0,0,0,0,0,0,0,0,0,0,0,0,0,0,0,0,-2.12366,10.659,-6.7325,260.857,1695.35,156.158,-1183.31,
1483992967820,0,0,0,0,0,0,0,0,0,0,0,0,0,0,0,0,-2.2314,10.3142,-7.37175,260.367,1353.47,37.1305,-978.12,
1483992967833,0,0,0,0,0,0,0,0,0,0,0,0,0,0,0,0,-2.15718,10.1993,-7.4723,259.484,1017.72,-6.43795,-815.225,
1483992967845,0,0,0,0,0,0,0,0,0,0,0,0,0,0,0,0,-2.8084,10.1466,-8.28873,260.857,492.054,118.728,-561.899,
1483992967857,0,0,0,0,0,0,0,0,0,0,0,0,0,0,0,0,-3.43089,8.31985,-8.15705,260.367,205.64,186.776,-317.256,
1483992967869,0,0,0,0,0,0,0,0,0,0,0,0,0,0,0,0,-4.98712,8.34858,-8.14268,260.367,-179.888,109.37,-99.8631,
1483992967882,0,0,0,0,0,0,0,0,0,0,0,0,0,0,0,0,-5.21697,7.66863,-7.52737,259.974,-209.907,19.9876,109.146,
1483992967894,0,0,0,0,0,0,0,0,0,0,0,0,0,0,0,0,-5.80833,7.64708,-6.84263,260.367,-267.175,-34.1361,226.676,
1483992967906,0,0,0,0,0,0,0,0,0,0,0,0,0,0,0,0,-5.88016,7.58244,-6.43083,260.367,-304.306,-66.9248,274.661,
1483992967919,0,0,0,0,0,0,0,0,0,0,0,0,0,0,0,0,-5.63116,8.12353,-6.29675,260.857,-460.164,-73.8867,282.896,
1483992967935,0,0,0,0,0,0,0,0,0,0,0,0,0,0,0,0,-5.58328,8.20732,-5.6575,261.739,-562.123,-151.741,323.545,
1483992967959,0,0,0,0,0,0,0,0,0,0,0,0,0,0,0,0,-4.47716,10.7284,-4.50828,260.857,-661.313,-291.28,440.85,
1483992967972,0,0,0,0,0,0,0,0,0,0,0,0,0,0,0,0,-3.99592,9.84256,-7.1036,260.857,-791.644,-393.539,541.836,
1483992967984,0,0,0,0,0,0,0,0,0,0,0,0,0,0,0,0,-5.58807,8.837,-10.6279,260.857,-941.438,-644.469,748.824,
1483992967997,0,0,0,0,0,0,0,0,0,0,0,0,0,0,0,0,-5.55455,9.73961,-9.31344,260.857,-1312.52,-813.653,904.607,
1483992968008,0,0,0,0,0,0,0,0,0,0,0,0,0,0,0,0,-6.30393,9.9096,-7.27837,260.857,-1448.39,-811.631,1163.25,
1483992968021,0,0,0,0,0,0,0,0,0,0,0,0,0,0,0,0,-5.284,7.74285,-5.70538,260.367,-1205.32,-980.515,1423.61,
1483992968033,0,0,0,0,0,0,0,0,0,0,0,0,0,0,0,0,-4.18985,8.16183,-5.34386,259.974,-1282.8,-1235.79,1440.9,
1483992968050,0,0,0,0,0,0,0,0,0,0,0,0,0,0,0,0,-4.00789,9.19852,-5.39892,259.974,-1573.56,-1470.62,1383.34,
1483992968074,0,0,0,0,0,0,0,0,0,0,0,0,0,0,0,0,1.49638,10.7548,-9.75158,260.857,-2302.09,-1798.88,1108.3,
1483992968086,0,0,0,0,0,0,0,0,0,0,0,0,0,0,0,0,2.07338,11.0564,-10.4459,260.857,-2453.01,-1503.64,820.09,
1483992968099,0,0,0,0,0,0,0,0,0,0,0,0,0,0,0,0,2.69108,11.7507,-9.10754,260.857,-2453.01,-1543.01,856.248,
1483992968111,0,0,0,0,0,0,0,0,0,0,0,0,0,0,0,0,0.73502,10.7931,-6.92882,260.367,-2453.01,-1451.08,924.894,
1483992968123,0,0,0,0,0,0,0,0,0,0,0,0,0,0,0,0,-0.555455,8.40365,-4.92008,261.347,-2453.01,-1990.97,996.835,
1483992968136,0,0,0,0,0,0,0,0,0,0,0,0,0,0,0,0,-1.69749,8.43956,-2.74376,261.347,-2453.01,-2151.17,722.398,
1483992968148,0,0,0,0,0,0,0,0,0,0,0,0,0,0,0,0,-1.64003,7.83143,-2.99036,261.347,-2453.01,-2015.38,187.898,
1483992968164,0,0,0,0,0,0,0,0,0,0,0,0,0,0,0,0,-0.857124,7.434,-3.76608,261.347,-2453.01,-2086.12,-390.17,
1483992968189,0,0,0,0,0,0,0,0,0,0,0,0,0,0,0,0,0.682347,9.73722,-5.9855,261.347,-2453.01,-2398.96,-1261.76,
1483992968201,0,0,0,0,0,0,0,0,0,0,0,0,0,0,0,0,2.46124,11.5616,-6.63912,260.857,-2453.01,-2309.28,-1412.38,
1483992968213,0,0,0,0,0,0,0,0,0,0,0,0,0,0,0,0,3.27527,11.789,-6.40688,260.367,-2453.01,-2250.74,-1439.18,
1483992968226,0,0,0,0,0,0,0,0,0,0,0,0,0,0,0,0,4.53462,12.3948,-7.16824,261.739,-2453.01,-1745.58,-1447.04,
1483992968238,0,0,0,0,0,0,0,0,0,0,0,0,0,0,0,0,6.94079,8.93516,-3.54821,260.857,-2453.01,-1523.25,-1089.81,
1483992968251,0,0,0,0,0,0,0,0,0,0,0,0,0,0,0,0,3.49075,6.35182,-7.74045,261.347,-2453.01,-1537.77,-924.595,
1483992968262,0,0,0,0,0,0,0,0,0,0,0,0,0,0,0,0,2.05423,4.03662,-3.66073,260.857,-2453.01,-957.533,-641.624,
1483992968279,0,0,0,0,0,0,0,0,0,0,0,0,0,0,0,0,0.232238,2.90656,-0.816423,259.484,-2453.01,-880.727,-438.23,
1483992968304,0,0,0,0,0,0,0,0,0,0,0,0,0,0,0,0,-0.955286,2.53307,1.8986,261.739,-2453.01,-57.1181,-85.2655,
1483992968328,0,0,0,0,0,0,0,0,0,0,0,0,0,0,0,0,0.428562,4.13239,8.63589,260.857,-2365.12,996.386,346.976,
1483992968340,0,0,0,0,0,0,0,0,0,0,0,0,0,0,0,0,-0.802058,2.61926,8.43477,260.367,-1525.27,1233.47,570.732,
1483992968353,0,0,0,0,0,0,0,0,0,0,0,0,0,0,0,0,-0.804452,2.20506,6.82587,260.367,-984.258,1110.62,948.55,
1483992968365,0,0,0,0,0,0,0,0,0,0,0,0,0,0,0,0,-0.861913,0.0071826,7.25683,262.23,-477.232,1136.15,998.781,
1483992968378,0,0,0,0,0,0,0,0,0,0,0,0,0,0,0,0,-1.33596,-0.746991,8.28873,259.974,-574.25,1367.32,878.856,
1483992968390,0,0,0,0,0,0,0,0,0,0,0,0,0,0,0,0,-0.727837,2.29604,7.09641,260.857,-274.362,1676.56,671.194,
1483992968401,0,0,0,0,0,0,0,0,0,0,0,0,0,0,0,0,-1.70946,3.18668,10.3765,260.367,-240.75,1437.39,1172.61,
1483992968415,0,0,0,0,0,0,0,0,0,0,0,0,0,0,0,0,-8.74123,4.26647,12.8473,259.974,297.344,1088.76,538.842,
1483992968427,0,0,0,0,0,0,0,0,0,0,0,0,0,0,0,0,-4.24013,-1.09415,8.38689,259.974,160.649,-219.414,685.567,
1483992968439,0,0,0,0,0,0,0,0,0,0,0,0,0,0,0,0,-1.05824,2.35111,10.6015,261.347,65.1281,-816.797,83.8431,
1483992968455,0,0,0,0,0,0,0,0,0,0,0,0,0,0,0,0,-1.86987,4.03902,9.71806,259.974,-39.4512,-678.231,-196.358,
1483992968479,0,0,0,0,0,0,0,0,0,0,0,0,0,0,0,0,-0.0023942,3.37822,7.53695,260.857,1359.83,-249.284,183.931,
1483992968504,0,0,0,0,0,0,0,0,0,0,0,0,0,0,0,0,-3.72059,2.59292,5.89931,259.974,1384.46,2452.94,-789.847,
1483992968517,0,0,0,0,0,0,0,0,0,0,0,0,0,0,0,0,-1.87466,9.34936,6.99346,260.857,427.6,2452.94,-1290.88,
1483992968529,0,0,0,0,0,0,0,0,0,0,0,0,0,0,0,0,-0.162806,8.06367,9.05487,260.857,688.412,2452.94,-928.113,
1483992968541,0,0,0,0,0,0,0,0,0,0,0,0,0,0,0,0,-1.30963,6.71574,9.73243,260.857,-1190.2,2452.94,-965.094,
1483992968554,0,0,0,0,0,0,0,0,0,0,0,0,0,0,0,0,-10.07,5.06374,10.3406,260.367,-824.807,2452.94,-876.011,
1483992968566,0,0,0,0,0,0,0,0,0,0,0,0,0,0,0,0,-6.65588,2.8898,6.50505,260.857,-767.988,851.457,267.699,
1483992968578,0,0,0,0,0,0,0,0,0,0,0,0,0,0,0,0,-3.93607,2.56419,9.1243,259.974,-985.83,1544.66,589.073,
1483992968594,0,0,0,0,0,0,0,0,0,0,0,0,0,0,0,0,-6.3997,2.40617,5.21936,259.974,-618.792,1507.98,879.604,
1483992968619,0,0,0,0,0,0,0,0,0,0,0,0,0,0,0,0,-9.52653,0.794875,8.08282,260.857,674.563,741.413,965.019,
1483992968631,0,0,0,0,0,0,0,0,0,0,0,0,0,0,0,0,-9.2488,4.60405,8.53772,260.857,1025.88,206.539,1127.69,
1483992968644,0,0,0,0,0,0,0,0,0,0,0,0,0,0,0,0,-8.35576,3.85706,12.0692,260.367,733.328,-791.195,1149.17,
1483992968656,0,0,0,0,0,0,0,0,0,0,0,0,0,0,0,0,-9.47146,5.60243,10.4363,259.974,19.239,-1186.45,812.604,
1483992968668,0,0,0,0,0,0,0,0,0,0,0,0,0,0,0,0,-8.40365,2.01592,13.0747,259.484,-2453.01,-1082.1,472.516,
1483992968680,0,0,0,0,0,0,0,0,0,0,0,0,0,0,0,0,-7.1826,1.60172,8.82503,259.484,-2275.22,-1000.5,360.675,
1483992968693,0,0,0,0,0,0,0,0,0,0,0,0,0,0,0,0,-7.49625,0.723049,6.64391,259.974,-1523.47,-1296.8,367.562,
1483992968705,0,0,0,0,0,0,0,0,0,0,0,0,0,0,0,0,-8.1331,-2.12845,7.12036,259.974,-1558.58,-1335.5,132.128,
1483992968721,0,0,0,0,0,0,0,0,0,0,0,0,0,0,0,0,-7.79791,2.83952,10.2639,260.857,-1120.28,-1718.18,64.6041,
1483992968746,0,0,0,0,0,0,0,0,0,0,0,0,0,0,0,0,-4.80277,4.85544,11.4922,260.367,-906.479,-2407.27,-544.307,
1483992968758,0,0,0,0,0,0,0,0,0,0,0,0,0,0,0,0,-0.390255,4.38857,15.8257,261.347,-582.859,-2453.01,-217.243,
1483992968770,0,0,0,0,0,0,0,0,0,0,0,0,0,0,0,0,-1.45807,1.8579,9.15782,260.857,-521.25,-1906.46,-468.024,
1483992968783,0,0,0,0,0,0,0,0,0,0,0,0,0,0,0,0,-0.646434,4.94642,6.11958,260.857,-1792.82,8.15973,-402.746,
1483992968795,0,0,0,0,0,0,0,0,0,0,0,0,0,0,0,0,1.71425,6.57208,11.8872,260.857,-2453.01,1295.6,-23.1317,
1483992968808,0,0,0,0,0,0,0,0,0,0,0,0,0,0,0,0,-0.373495,-3.10289,12.3541,261.739,-846.89,293.975,9.43235,
1483992968820,0,0,0,0,0,0,0,0,0,0,0,0,0,0,0,0,0.588974,1.075,9.72046,260.857,-1897.03,1592.05,-136.02,
1483992968832,0,0,0,0,0,0,0,0,0,0,0,0,0,0,0,0,0.395043,1.82678,8.28154,260.857,-617.145,141.71,123.818,
1483992968845,0,0,0,0,0,0,0,0,0,0,0,0,0,0,0,0,1.02951,3.18668,6.31351,260.857,-843.596,192.24,116.557,
1483992968857,0,0,0,0,0,0,0,0,0,0,0,0,0,0,0,0,1.51553,2.1476,5.19063,261.739,-1159.28,-395.56,250.332,
1483992968869,0,0,0,0,0,0,0,0,0,0,0,0,0,0,0,0,1.7358,0.821211,6.42125,260.367,-1807.64,-800.702,121.123,
1483992968881,0,0,0,0,0,0,0,0,0,0,0,0,0,0,0,0,1.75974,1.03908,9.67976,260.857,-1877.79,-640.052,93.7995,
1483992968898,0,0,0,0,0,0,0,0,0,0,0,0,0,0,0,0,1.23062,-1.33118,15.682,261.347,-1534.48,-465.18,97.0933,
1483992968922,0,0,0,0,0,0,0,0,0,0,0,0,0,0,0,0,-0.126893,-2.18351,13.8265,261.739,34.0613,695,199.726,
1483992968934,0,0,0,0,0,0,0,0,0,0,0,0,0,0,0,0,-2.01113,-0.658405,9.56962,260.857,200.4,298.691,75.4588,
1483992968947,0,0,0,0,0,0,0,0,0,0,0,0,0,0,0,0,-2.09253,-0.634463,5.69102,261.347,132.727,-117.081,-9.35749,
1483992968958,0,0,0,0,0,0,0,0,0,0,0,0,0,0,0,0,-2.71502,-1.62806,8.06607,261.347,-222.334,21.6345,-60.0377,
1483992968971,0,0,0,0,0,0,0,0,0,0,0,0,0,0,0,0,-2.6025,-2.60729,9.80426,261.347,-195.085,-99.4888,-39.9752,
1483992968984,0,0,0,0,0,0,0,0,0,0,0,0,0,0,0,0,-0.770933,-0.837971,8.99502,260.857,-72.9136,30.8423,-7.86029,
1483992968995,0,0,0,0,0,0,0,0,0,0,0,0,0,0,0,0,-1.90818,-1.10133,9.97424,260.857,15.496,37.0557,2.6201,
1483992969008,0,0,0,0,0,0,0,0,0,0,0,0,0,0,0,0,-1.57538,-0.998382,8.55688,261.347,9.88151,-31.6657,-4.04244,
1483992969021,0,0,0,0,0,0,0,0,0,0,0,0,0,0,0,0,-1.70228,-1.08936,9.51935,260.857,-114.236,14.5228,-10.1809,
1483992969033,0,0,0,0,0,0,0,0,0,0,0,0,0,0,0,0,-1.52989,-1.08936,9.33978,260.857,-85.6398,38.6277,-12.0524,
1483992969045,0,0,0,0,0,0,0,0,0,0,0,0,0,0,0,0,-1.6113,-1.18752,8.93277,261.347,-36.8311,-5.61449,-13.8491,
1483992969057,0,0,0,0,0,0,0,0,0,0,0,0,0,0,0,0,-1.66876,-1.04627,9.10036,261.739,-49.183,-13.7742,-9.43235,
1483992969069,0,0,0,0,0,0,0,0,0,0,0,0,0,0,0,0,-1.62566,-1.09415,9.35654,260.857,-21.5597,-5.76421,-7.78543,
1483992969082,0,0,0,0,0,0,0,0,0,0,0,0,0,0,0,0,-1.63524,-1.14682,9.08839,261.347,-24.4792,-5.31505,-8.15973,
1483992969094,0,0,0,0,0,0,0,0,0,0,0,0,0,0,0,0,-1.69988,-1.09894,9.20092,260.857,-54.0489,-9.43235,-8.38431,
1483992969106,0,0,0,0,0,0,0,0,0,0,0,0,0,0,0,0,-1.64721,-1.05824,9.16261,259.974,-36.2322,-1.79664,-10.2558,
1483992969119,0,0,0,0,0,0,0,0,0,0,0,0,0,0,0,0,-1.62806,-1.18034,9.14346,260.857,-44.0176,-0.898319,-9.28263,
1483992969131,0,0,0,0,0,0,0,0,0,0,0,0,0,0,0,0,-1.64482,-1.16598,9.30626,260.367,-48.5841,-5.46477,-10.2558,
1483992969144,0,0,0,0,0,0,0,0,0,0,0,0,0,0,0,0,-1.61609,-1.16598,9.086,260.367,-38.1786,-4.4916,-8.60889,
1483992969156,0,0,0,0,0,0,0,0,0,0,0,0,0,0,0,0,-1.68312,-1.10373,9.10994,260.857,-45.44,0.823459,-8.60889,
1483992969168,0,0,0,0,0,0,0,0,0,0,0,0,0,0,0,0,-1.61609,-1.14203,9.17219,261.347,-38.6277,-6.51281,-8.01001,
1483992969180,0,0,0,0,0,0,0,0,0,0,0,0,0,0,0,0,-1.69509,-1.12288,9.14346,261.739,-42.8947,-1.1229,-8.83347,
1483992969193,0,0,0,0,0,0,0,0,0,0,0,0,0,0,0,0,-1.61848,-1.10852,9.28711,261.739,-39.6009,-3.59328,-7.71057,
1483992969205,0,0,0,0,0,0,0,0,0,0,0,0,0,0,0,0,-1.67834,-1.15161,9.07402,260.857,-40.8735,-5.61449,-10.4804,
1483992969217,0,0,0,0,0,0,0,0,0,0,0,0,0,0,0,0,-1.70467,-1.09894,9.165,261.347,-42.8947,-3.21898,-9.50721,
1483992969229,0,0,0,0,0,0,0,0,0,0,0,0,0,0,0,0,-1.66636,-1.09894,9.1267,261.347,-39.4512,-4.4916,-9.13291,
1483992969246,0,0,0,0,0,0,0,0,0,0,0,0,0,0,0,0,-1.58975,-1.18034,9.30387,261.347,-43.269,-4.34188,-11.4536,
1483992969270,0,0,0,0,0,0,0,0,0,0,0,0,0,0,0,0,-1.65679,-1.18513,9.15782,260.367,-46.3383,-0.3743,-9.13291,
1483992969294,0,0,0,0,0,0,0,0,0,0,0,0,0,0,0,0,-1.65918,-1.15161,9.22965,260.857,-49.0332,-0.3743,-8.90833,
1483992969319,0,0,0,0,0,0,0,0,0,0,0,0,0,0,0,0,-1.69509,-1.04627,9.08121,260.857,-41.0981,-3.21898,-10.2558,
1483992969344,0,0,0,0,0,0,0,0,0,0,0,0,0,0,0,0,-1.61609,-1.14443,9.12909,260.367,-41.173,-0.29944,-9.35749,
1483992969356,0,0,0,0,0,0,0,0,0,0,0,0,0,0,0,0,-1.61848,-1.18992,9.16261,260.857,-43.5685,-3.14412,-8.75861,
1483992969368,0,0,0,0,0,0,0,0,0,0,0,0,0,0,0,0,-1.61609,-1.12288,9.11951,261.347,-44.2422,-2.2458,-9.65693,
1483992969381,0,0,0,0,0,0,0,0,0,0,0,0,0,0,0,0,-1.62087,-1.04866,9.12191,260.367,-47.012,-0.673739,-7.03683,
1483992969393,0,0,0,0,0,0,0,0,0,0,0,0,0,0,0,0,-1.68312,-1.27611,9.2512,260.857,-44.5417,-6.36309,-9.73179,
1483992969405,0,0,0,0,0,0,0,0,0,0,0,0,0,0,0,0,-1.6089,-1.05105,9.086,261.347,-38.0288,-2.54524,-10.4804,
1483992969417,0,0,0,0,0,0,0,0,0,0,0,0,0,0,0,0,-1.66158,-1.16598,9.27753,261.739,-47.1618,-3.14412,-8.15973,
1483992969430,0,0,0,0,0,0,0,0,0,0,0,0,0,0,0,0,-1.72143,-1.10133,9.17219,261.739,-38.1786,-4.4916,-11.5284,
1483992969442,0,0,0,0,0,0,0,0,0,0,0,0,0,0,0,0,-1.62566,-1.10852,9.16979,260.857,-43.4936,-3.21898,-7.93515,
1483992969454,0,0,0,0,0,0,0,0,0,0,0,0,0,0,0,0,-1.59933,-1.15161,9.2081,260.367,-48.2847,1.04804,-9.05805,
1483992969467,0,0,0,0,0,0,0,0,0,0,0,0,0,0,0,0,-1.64721,-1.0726,9.11473,261.347,-41.3227,-1.8715,-8.38431,
1483992969479,0,0,0,0,0,0,0,0,0,0,0,0,0,0,0,0,-1.64482,-1.15879,9.12909,260.857,-44.916,-4.04244,-10.1809,
1483992969491,0,0,0,0,0,0,0,0,0,0,0,0,0,0,0,0,-1.58496,-1.05824,9.17937,260.857,-40.7987,-3.14412,-8.38431,
1483992969504,0,0,0,0,0,0,0,0,0,0,0,0,0,0,0,0,-1.5706,-1.1133,9.1267,260.367,-48.8087,1.27262,-9.28263,
1483992969516,0,0,0,0,0,0,0,0,0,0,0,0,0,0,0,0,-1.64242,-1.17555,9.19852,260.367,-36.3819,-2.47038,-10.705,
1483992969529,0,0,0,0,0,0,0,0,0,0,0,0,0,0,0,0,-1.67115,-1.12049,9.1674,260.857,-46.488,-1.27262,-8.75861,
1483992969541,0,0,0,0,0,0,0,0,0,0,0,0,0,0,0,0,-1.64721,-1.08697,9.22965,260.367,-42.8199,-0.898319,-8.75861,
1483992969552,0,0,0,0,0,0,0,0,0,0,0,0,0,0,0,0,-1.66397,-1.12049,9.08121,261.347,-40.3495,-1.8715,-9.65693,
1483992969565,0,0,0,0,0,0,0,0,0,0,0,0,0,0,0,0,-1.61369,-1.19471,9.30387,262.23,-43.269,-2.32066,-9.05805,
1483992969577,0,0,0,0,0,0,0,0,0,0,0,0,0,0,0,0,-1.64721,-1.09415,9.09318,260.857,-33.5372,-5.38991,-8.83347,
1483992969590,0,0,0,0,0,0,0,0,0,0,0,0,0,0,0,0,-1.68073,-1.20428,9.18416,260.367,-45.3651,-2.47038,-9.05805,
1483992969602,0,0,0,0,0,0,0,0,0,0,0,0,0,0,0,0,-1.63763,-1.13485,9.19852,261.347,-39.2266,-2.84468,-9.73179,
1483992969614,0,0,0,0,0,0,0,0,0,0,0,0,0,0,0,0,-1.6113,-1.18513,9.14585,260.857,-42.221,-1.72178,-9.95637,
1483992969626,0,0,0,0,0,0,0,0,0,0,0,0,0,0,0,0,-1.58975,-1.16598,9.13149,260.857,-39.1517,-4.34188,-8.75861,
1483992969639,0,0,0,0,0,0,0,0,0,0,0,0,0,0,0,0,-1.63524,-1.08457,9.19373,261.347,-45.1405,0,-8.30945,
1483992969651,0,0,0,0,0,0,0,0,0,0,0,0,0,0,0,0,-1.61369,-1.09894,9.10994,260.857,-39.9003,-2.39552,-9.35749,
1483992969664,0,0,0,0,0,0,0,0,0,0,0,0,0,0,0,0,-1.68552,-1.08936,9.23922,261.347,-45.8891,-0.22458,-9.50721,
1483992969684,0,0,0,0,0,0,0,0,0,0,0,0,0,0,0,0,-1.60172,-1.15161,9.15543,260.857,-37.8791,-3.59328,-7.48599,
1483992969700,0,0,0,0,0,0,0,0,0,0,0,0,0,0,0,0,-1.63045,-1.13485,9.10994,261.347,-37.6545,-2.6201,-9.58207,
1483992969712,0,0,0,0,0,0,0,0,0,0,0,0,0,0,0,0,-1.59454,-1.10612,9.21289,259.974,-41.6221,-3.06926,-9.80665,
1483992969725,0,0,0,0,0,0,0,0,0,0,0,0,0,0,0,0,-1.66158,-1.13964,9.22486,261.739,-41.9216,-2.6201,-8.30945,
1483992969737,0,0,0,0,0,0,0,0,0,0,0,0,0,0,0,0,-1.64482,-1.12049,9.21528,261.347,-41.0981,-2.02122,-6.96197,
1483992969750,0,0,0,0,0,0,0,0,0,0,0,0,0,0,0,0,-1.64242,-1.1133,9.09318,260.857,-41.3227,-0.598879,-9.88151,
1483992969761,0,0,0,0,0,0,0,0,0,0,0,0,0,0,0,0,-1.66876,-1.18034,9.04529,261.347,-40.1998,-3.44356,-9.80665,
1483992969775,0,0,0,0,0,0,0,0,0,0,0,0,0,0,0,0,-1.55623,-1.15161,9.22246,260.367,-45.6646,0.0748599,-9.95637,
1483992969786,0,0,0,0,0,0,0,0,0,0,0,0,0,0,0,0,-1.60412,-1.10612,9.06924,260.857,-40.7987,-3.06926,-9.35749,
1483992969799,0,0,0,0,0,0,0,0,0,0,0,0,0,0,0,0,-1.63763,-1.19471,9.33499,259.484,-43.1193,-2.39552,-9.13291,
1483992969811,0,0,0,0,0,0,0,0,0,0,0,0,0,0,0,0,-1.63045,-1.17316,9.14346,260.857,-38.1037,-3.3687,-8.68375,
1483992969823,0,0,0,0,0,0,0,0,0,0,0,0,0,0,0,0,-1.6113,-1.12767,9.10275,260.857,-45.44,-0.973179,-9.73179,
1483992969840,0,0,0,0,0,0,0,0,0,0,0,0,0,0,0,0,-1.60651,-1.18034,9.22486,261.347,-43.1193,-2.02122,-8.75861,
1483992969864,0,0,0,0,0,0,0,0,0,0,0,0,0,0,0,0,-1.60651,-1.21147,9.26077,260.857,-47.3863,-3.29384,-9.80665,
1483992969889,0,0,0,0,0,0,0,0,0,0,0,0,0,0,0,0,-1.64003,-1.23301,9.2512,260.857,-46.4132,-0.44916,-9.20777,
1483992969913,0,0,0,0,0,0,0,0,0,0,0,0,0,0,0,0,-1.59693,-1.22344,9.21768,260.857,-43.5685,-3.14412,-8.53403,
1483992969938,0,0,0,0,0,0,0,0,0,0,0,0,0,0,0,0,-1.65439,-1.14203,9.22725,261.347,-38.9272,-2.09608,-9.50721,
1483992969950,0,0,0,0,0,0,0,0,0,0,0,0,0,0,0,0,-1.56102,-1.1995,9.14106,260.857,-39.3763,-3.21898,-8.98319,
1483992969963,0,0,0,0,0,0,0,0,0,0,0,0,0,0,0,0,-1.66876,-1.10373,9.18655,260.857,-43.1942,-1.79664,-10.7798,
1483992969974,0,0,0,0,0,0,0,0,0,0,0,0,0,0,0,0,-1.63524,-1.11809,9.10754,260.857,-41.3975,-2.2458,-9.58207,
1483992969987,0,0,0,0,0,0,0,0,0,0,0,0,0,0,0,0,-1.65439,-1.12049,9.20092,260.367,-44.2422,-4.56646,-9.58207,
1483992969999,0,0,0,0,0,0,0,0,0,0,0,0,0,0,0,0,-1.62806,-1.13725,9.2081,259.974,-41.6221,-2.91954,-8.75861,
1483992970012,0,0,0,0,0,0,0,0,0,0,0,0,0,0,0,0,-1.70467,-1.20907,9.21289,260.857,-37.8791,-3.89272,-8.08487,
1483992970024,0,0,0,0,0,0,0,0,0,0,0,0,0,0,0,0,-1.59693,-1.13725,9.14346,261.347,-36.3071,-3.89272,-9.80665,
1483992970036,0,0,0,0,0,0,0,0,0,0,0,0,0,0,0,0,-1.61848,-1.18274,9.1674,261.739,-45.2903,-2.17094,-8.30945,
1483992970049,0,0,0,0,0,0,0,0,0,0,0,0,0,0,0,0,-1.63524,-1.12767,9.24401,260.857,-37.1305,-2.76982,-11.0044,
1483992970061,0,0,0,0,0,0,0,0,0,0,0,0,0,0,0,0,-1.56341,-1.12049,9.2081,261.347,-42.2959,-2.2458,-7.41113,
1483992970073,0,0,0,0,0,0,0,0,0,0,0,0,0,0,0,0,-1.56581,-1.1995,9.34457,260.857,-38.1786,-1.72178,-9.05805,
1483992970085,0,0,0,0,0,0,0,0,0,0,0,0,0,0,0,0,-1.65439,-1.14203,9.10036,259.974,-40.1998,-1.64692,-8.30945,
1483992970098,0,0,0,0,0,0,0,0,0,0,0,0,0,0,0,0,-1.59214,-1.2402,9.18895,260.367,-44.3919,-1.72178,-9.13291,
1483992970110,0,0,0,0,0,0,0,0,0,0,0,0,0,0,0,0,-1.62087,-1.09176,9.10754,260.857,-35.5585,-6.36309,-9.73179,
1483992970122,0,0,0,0,0,0,0,0,0,0,0,0,0,0,0,0,-1.65439,-1.12288,9.15543,260.857,-43.7182,-2.17094,-9.43235,
1483992970134,0,0,0,0,0,0,0,0,0,0,0,0,0,0,0,0,-1.64242,-1.16837,9.19373,260.367,-38.9272,-3.89272,-8.60889,
1483992970147,0,0,0,0,0,0,0,0,0,0,0,0,0,0,0,0,-1.63763,-1.17555,9.11712,261.347,-41.0232,-1.8715,-9.28263,
1483992970159,0,0,0,0,0,0,0,0,0,0,0,0,0,0,0,0,-1.61609,-1.15161,9.27274,261.739,-40.6489,-4.41674,-10.3307,
1483992970171,0,0,0,0,0,0,0,0,0,0,0,0,0,0,0,0,-1.62087,-1.12049,9.10036,260.367,-36.5316,-4.94075,-8.90833,
1483992970183,0,0,0,0,0,0,0,0,0,0,0,0,0,0,0,0,-1.63045,-1.10133,9.22246,259.974,-38.478,-1.94636,-9.43235,
1483992970196,0,0,0,0,0,0,0,0,0,0,0,0,0,0,0,0,-1.64721,-1.15401,9.14585,261.739,-42.6702,-1.19776,-9.35749,
1483992970208,0,0,0,0,0,0,0,0,0,0,0,0,0,0,0,0,-1.58975,-1.18034,9.08839,260.367,-38.0288,-1.1229,-9.65693,
1483992970221,0,0,0,0,0,0,0,0,0,0,0,0,0,0,0,0,-1.64003,-1.17316,9.10275,261.347,-45.5148,-2.39552,-6.88711,
1483992970233,0,0,0,0,0,0,0,0,0,0,0,0,0,0,0,0,-1.62806,-1.13006,9.15064,260.857,-37.43,-4.1173,-10.1061,
