1479830000014,0,0,0,0,0,0,0,0,0,0,0,0,0,0,0,0,-0.873047,0.170654,-0.453125,28.29,-25.1603,-16.9008,-15.4351
1479830000028,0,0,0,0,0,0,0,0,0,0,0,0,0,0,0,0,-0.859863,0.190674,-0.345703,28.11,-19.0458,-8,-17.9084
1479830000042,0,0,0,0,0,0,0,0,0,0,0,0,0,0,0,0,-0.884277,0.146484,-0.37793,28.2,-21.855,-2.50382,-15.6794
1479830000056,0,0,0,0,0,0,0,0,0,0,0,0,0,0,0,0,-0.901367,0.134766,-0.422119,28.15,-13.8321,2.69466,-15.9313
1479830000070,0,0,0,0,0,0,0,0,0,0,0,0,0,0,0,0,-0.90625,0.135986,-0.447998,28.2,-7.00763,6.77099,-16.2443
1479830000084,0,0,0,0,0,0,0,0,0,0,0,0,0,0,0,0,-0.915039,0.163574,-0.461914,28.2,-5.41221,6.35878,-16.2824
1479830000098,0,0,0,0,0,0,0,0,0,0,0,0,0,0,0,0,-0.908447,0.195557,-0.469238,28.11,-9.81679,3.31298,-16.7634
1479830000112,0,0,0,0,0,0,0,0,0,0,0,0,0,0,0,0,-0.914307,0.211182,-0.473877,28.2,-17.0611,-1.01527,-16.626
1479830000126,0,0,0,0,0,0,0,0,0,0,0,0,0,0,0,0,-0.917236,0.206299,-0.447998,28.25,-24.2519,-5.9084,-16.4809
1479830000140,0,0,0,0,0,0,0,0,0,0,0,0,0.182027,0,0,0,-0.899414,0.212402,-0.439453,28.29,-24.4809,-8.08397,-16.0916
1479830000154,0,0,0,0,0,0,0,0,0,0,0,0,0.173517,0,0,0,-0.889648,0.184814,-0.436768,28.2,-20.5573,-6.67939,-16.3435
1479830000168,0,0,0,0,0,0,0,0,0,0,0,0,0.182027,0,0,0,-0.880127,0.175049,-0.450195,28.15,-14.6031,-3.60305,-17.5954
1479830000182,0,0,0,0,0,0,0,0,0,0,0,0,0.182027,0,0,0,-0.86792,0.181885,-0.463623,28.2,-6.28244,-1.54198,-19.2214
1479830000196,0,0,0,0,0,0,0,0,0,0,0,0,0.224787,0,0,0,-0.901611,0.192627,-0.480469,28.15,-1.50382,-0.0229008,-18.5267
1479830000210,0,0,0,0,0,0,0,0,0,0,0,0,0.110128,0,0,0,-0.900879,0.208496,-0.464355,28.15,-4.15267,-1.66412,-16.1756
1479830000224,0,0,0,0,0,0,0,0,0,0,0,0,0.298288,0,0,0,-0.893066,0.179443,-0.44751,28.2,-6.38931,-2.55725,-12.1374
1479830000238,0,0,0,0,0,0,0,0,0,0,0,0,0.3529921,0,0,0,-0.875,0.108887,-0.456055,28.29,-4.14504,0.839695,-6.21374
1479830000252,0,0,0,0,0,0,0,0,0,0,0,0,0.3838743,0,0,0,-0.892334,0.113525,-0.456299,28.29,1.75573,5.59542,-3.80916
1479830000266,0,0,0,0,0,0,0,0,0,0,0,0,0.3728244,0,0,0,-0.908936,0.130859,-0.457764,28.15,4.68702,8.67939,-2.67176
1479830000280,0,0,0,0,0,0,0,0,0,0,0,0,0.3838743,0,0,0,-0.930664,0.145264,-0.469971,28.2,5.93893,8.82443,-1.68702
1479830000294,0,0,0,0,0,0,0,0,0,0,0,0,0.331043,0,0,0,-0.932617,0.164307,-0.485352,28.15,6.37405,7.44275,-0.206107
1479830000308,0,0,0,0,0,0,0,0,0,0,0,0,0.331043,0,0,0,-0.929199,0.16626,-0.492432,28.2,6.16031,4.29008,1.09924
1479830000322,0,0,0,0,0,0,0,0,0,0,0,0,0.331043,0,0,0,-0.921143,0.179688,-0.49707,28.15,5.73282,1.18321,2.89313
1479830000336,0,0,0,0,0,0,0,0,0,0,0,0,0.320102,0,0,0,-0.92041,0.156982,-0.457275,28.29,7.01527,-0.435115,5.45802
1479830000350,0,0,0,0,0,0,0,0,0,0,0,0,0.203364,0,0,0,-0.908447,0.145264,-0.460693,28.2,8.77863,-0.534351,7.69466
1479830000364,0,0,0,0,0,0,0,0,0,0,0,0,0.214065,0,0,0,-0.902588,0.130127,-0.442627,28.15,8.1374,1.12214,8.87786
1479830000378,0,0,0,0,0,0,0,0,0,0,0,0,0.246299,0,0,0,-0.89209,0.139648,-0.440186,28.11,7.27481,2.91603,8.14504
1479830000392,0,0,0,0,0,0,0,0,0,0,0,0,0.3728244,0,0,0,-0.907471,0.168213,-0.456543,28.25,3.87786,4.63359,7.27481
1479830000406,0,0,0,0,0,0,0,0,0,0,0,0,0.3728244,0,0,0,-0.898682,0.188232,-0.482422,28.29,4.93893,4.9313,6.74809
1479830000420,0,0,0,0,0,0,0,0,0,0,0,0,0.3838743,0,0,0,-0.88208,0.200928,-0.478271,28.25,5.38931,2.75573,7.58779
1479830000434,0,0,0,0,0,0,0,0,0,0,0,0,0.3838743,0,0,0,-0.880371,0.195801,-0.479248,28.25,4.99237,-0.526718,8.07634
1479830000448,0,0,0,0,0,0,0,0,0,0,0,0,0.3728244,0,0,0,-0.871582,0.173096,-0.475098,28.29,7.24427,-0.496183,8.74046
1479830000462,0,0,0,0,0,0,0,0,0,0,0,0,0.3728244,0,0,0,-0.870361,0.157715,-0.456543,28.2,18.6718,7.45038,9.45802
1479830000476,0,0,0,0,0,0,0,0,0,0,0,0,0.3640009,0,0,0,-0.876953,0.188721,-0.452393,28.25,16.6641,11.6947,8.85496
1479830000490,0,0,0,0,0,0,0,0,0,0,0,0,0.3949471,0,0,0,-0.890381,0.190674,-0.477051,28.25,18.1679,14.084,8.33588
1479830000504,0,0,0,0,0,0,0,0,0,0,0,0,0.3838743,0,0,0,-0.898926,0.184082,-0.514648,28.25,22.4427,15.2748,8.25954
1479830000518,0,0,0,0,0,0,0,0,0,0,0,0,0.3949471,0,0,0,-0.909912,0.186035,-0.537109,28.11,22.0153,13.2748,8.51145
1479830000532,0,0,0,0,0,0,0,0,0,0,0,0,0.787991,0,0,0,-0.905029,0.195313,-0.513916,28.2,16.916,10.313,9.48855
1479830000546,0,0,0,0,0,0,0,0,0,0,0,0,1.064002,0,0,0,-0.893311,0.158691,-0.497314,28.2,12.3511,8.78626,9.79389
1479830000560,0,0,0,0,0,0,0,0,0,0,0,0,1.162485,0,0,0,-0.886963,0.146484,-0.47583,28.2,10.5191,8.23664,8.77863
1479830000574,0,0,0,0,0,0,0,0,0,0,0,0,1.236833,0,0,0,-0.883057,0.140625,-0.512451,28.2,15.7939,7.81679,7.9313
1479830000588,0,0,0,0,0,0,0,0,0,0,0,0,1.481915,0,0,0,-0.915527,0.198486,-0.484375,28.2,14.8168,9.9542,5.65649
1479830000602,0,0,0,0,0,0,0,0,0,0,0,0,1.723615,0,0,0,-0.92627,0.226318,-0.487793,28.2,7.98473,13.8473,5.17557
1479830000616,0,0,0,0,0,0,0,0,0,0,0,0,1.819685,0,0,0,-0.897217,0.192139,-0.497803,28.2,10.626,11.5191,6.93893
1479830000630,0,0,0,0,0,0,0,0,0,0,0,0,1.931795,0,0,0,-0.865967,0.198486,-0.611816,28.25,-0.0458015,7.9771,7.77099
1479830000644,0,0,0,0,0,0,0,0,0,0,0,0,1.990095,0,0,0,-0.849121,0.146484,-0.515381,28.2,9.36641,-0.648855,6.31298
1479830000658,0,0,0,0,0,0,0,0,0,0,0,0,2.120335,0,0,0,-0.843994,0.172119,-0.542725,28.15,7.75573,-10.9466,3.54198
1479830000672,0,0,0,0,0,0,0,0,0,0,0,0,2.162365,0,0,0,-0.842285,0.220215,-0.550781,28.2,-0.618321,-21.4122,1.59542
1479830000686,0,0,0,0,0,0,0,0,0,0,0,0,2.342635,0,0,0,-0.860352,0.208496,-0.48584,28.25,-3.91603,-28.1069,-0.603053
1479830000700,0,0,0,0,0,0,0,0,0,0,0,0,2.464685,0,0,0,-0.876709,0.226318,-0.411133,28.2,-6.46565,-28.5802,-1.31298
1479830000714,0,0,0,0,0,0,0,0,0,0,0,0,2.544175,0,0,0,-0.900879,0.22168,-0.423096,28.25,-4.60305,-25.8015,-1.8855
1479830000728,0,0,0,0,0,0,0,0,0,0,0,0,2.798685,0,0,0,-0.911621,0.219238,-0.389893,28.15,-5.85496,-17.687,-2.1145
1479830000742,0,0,0,0,0,0,0,0,0,0,0,0,2.815345,0,0,0,-0.936279,0.199951,-0.439453,28.25,-1.83206,-9.41221,-2.61832
1479830000756,0,0,0,0,0,0,0,0,0,0,0,0,2.832055,0,0,0,-0.942139,0.20459,-0.430176,28.25,-2.20611,-5.22901,-2.26718
1479830000770,0,0,0,0,0,0,0,0,0,0,0,0,3.011755,0,0,0,-0.936035,0.174561,-0.459473,28.15,-3.82443,-2.22901,-2.19084
1479830000784,0.05088,0,0,0,0,0,0,0,0,0,0,0,3.115675,0,0,0,-0.918945,0.17749,-0.500977,28.34,-4.70992,-4.45038,-3.64122
1479830000798,0.182652,0,0,0,0,0,0,0,0,0,0,0,3.182325,0,0,0,-0.878418,0.183105,-0.489502,28.15,-6.35115,-7.84733,-3
1479830000812,0.275096,0,0,0,0,0,0,0,0,0,0,0,3.288945,0,0,0,-0.875732,0.177979,-0.448242,28.2,-9.93893,-12.4809,-2.56489
1479830000826,0.325651,0,0,0,0,0,0,0,0,0,0,0,3.339275,0,0,0,-0.845459,0.157227,-0.488281,28.25,-8.66412,-11.0305,-3.89313
1479830000840,0.371735,0,0,0,0,0,0,0,0,0,0,0,3.499925,0,0,0,-0.873535,0.156006,-0.481201,28.25,-5.49618,-9.59542,-4.54198
1479830000854,0.397041,0,0,0,0,0,0,0,0,0,0,0,3.481475,0,0,0,-0.88916,0.155273,-0.472656,28.2,-2.83206,-9.47328,-2.61069
1479830000868,0.430652,0,0,0,0,0,0,0,0,0,0,0,3.574205,0,0,0,-0.892822,0.1521,-0.474121,28.2,-5.38168,-9.1374,0.137405
1479830000882,0.345318,0,0,0,0,0,0,0,0,0,0,0,3.626675,0,0,0,-0.88916,0.144775,-0.454834,28.11,-5.20611,-6.82443,2.61069
1479830000896,0.345318,0,0,0,0,0,0,0,0.095551,0,0,0,3.813515,0,0,0,-0.895752,0.148682,-0.442139,28.2,-1.54962,-2.12977,4.35878
1479830000910,0.456439,0,0,0,0,0,0,0,0.067315,0,0,0,3.778825,0,0,0,-0.887939,0.161621,-0.444336,28.25,-0.366412,-2.61069,5.25954
1479830000924,0.5100374,0,0,0,0,0,0,0,0.070617,0,0,0,4.105395,0,0,0,-0.891113,0.181885,-0.463379,28.15,0.458015,-2.87786,5.74046
1479830000938,0.6488192,0,0,0,0,0,0,0,0.119947,0,0,0,4.045255,0,0,0,-0.898193,0.193848,-0.461914,28.15,-0.687023,-1.87023,5.0687
1479830000952,0.5031151,0,0,0,0,0,0,0,0.128427,0,0,0,4.125545,0,0,0,-0.912842,0.197021,-0.476074,28.11,-1.20611,-0.442748,4.50382
1479830000966,0.6200079,0,0,0,0,0,0,0,0.141213,0,0,0,4.065245,0,0,0,-0.892578,0.181396,-0.477539,28.2,-0.89313,2.1374,3.78626
1479830000980,0.6633211,0,0,0,0,0,0,0,0.161837,0,0,0,4.085285,0,0,0,-0.876465,0.180664,-0.481689,28.15,0,6.43511,2.41985
1479830000994,0.5928721,0,0,0,0,0,0,0,0.182668,0,0,0,4.005445,0,0,0,-0.870117,0.176758,-0.494141,28.25,1.25191,8.34351,1.24427
1479830001008,0.6142761,0,0,0,0,0,0,0,0.179181,0,0,0,4.065245,0,0,0,-0.881104,0.187012,-0.483154,28.2,2.68702,7.06107,0.854962
1479830001022,0.698391,0,0,0,0,0,0,0,0.221406,0,0,0,4.125545,0,0,0,-0.857422,0.169922,-0.494141,28.15,1.03817,5.63359,1.06107
1479830001036,0.6633211,0,0,0,0,0,0,0,0.209002,0,0,0,4.045255,0.064812,0,0,-0.848877,0.167725,-0.470215,28.2,0.145038,6.83206,1.96183
1479830001050,0.756189,0,0,0,0,0,0,0,0.209002,0,0,0,4.305405,0.11367,0,0,-0.860352,0.187988,-0.495117,28.15,1.80916,6.92366,1.33588
1479830001064,0.876444,0,0,0,0,0,0,0,0.217854,0,0,0,4.105395,0.145993,0,0,-0.851318,0.203857,-0.480957,28.2,-2.05344,8.54962,1.41985
1479830001078,1.04646,0,0,0,0,0,0,0,0.234777,0,0,0,4.125545,0.206195,0,0,-0.865967,0.213135,-0.486328,28.29,0.534351,6.35115,0.877863
1479830001092,1.201353,0,0,0,0,0,0,0,0.20459,0,0,0,4.363575,0.386673,0,0,-0.877441,0.236816,-0.488037,28.15,0.0458015,4.61832,-0.221374
1479830001106,1.381209,0,0,0,0,0,0,0,0.174832,0,0,0,4.161975,0.466929,0,0,-0.90332,0.185059,-0.490479,28.25,4.22137,3.16031,0.824427
1479830001120,1.468191,0,0,0,0,0,0,0,0.182668,0,0,0,3.910785,0.503904,0,0,-0.925049,0.157959,-0.493164,28.15,4.48092,2.28244,2.91603
1479830001134,1.587463,0,0,0,0,0,0,0,0.195794,0,0,0,4.005445,0.567487,0,0,-0.931641,0.154785,-0.494141,28.29,5.83969,4.78626,3.70229
1479830001148,1.652423,0,0,0,0,0,0,0,0.213424,0,0,0,4.105395,0.558079,0,0,-0.907715,0.147461,-0.491211,28.11,6.36641,8.58779,4.9313
1479830001162,1.681443,0,0,0,0,0,0,0,0.20459,0,0,0,4.085285,0.558079,0,0,-0.90918,0.166016,-0.472168,28.2,6.96183,10.8779,5.8855
1479830001176,1.738183,0,0,0,0,0,0,0,0.252738,0,0,0,3.950075,0.73643,0,0,-0.899902,0.178955,-0.531738,28.2,7.78626,8.21374,6.22137
1479830001190,1.815853,0,0,0,0,0,0,0,0.248233,0,0,0,3.832865,0.76588,0,0,-0.909912,0.191162,-0.488037,28.25,2.17557,7.19847,5.03053
1479830001204,1.915723,0,0,0,0,0,0,0,0.279054,0,0,0,3.852265,0.77573,0,0,-0.913818,0.195801,-0.501465,28.15,5.52672,4.17557,3.39695
1479830001218,2.028823,0,0,0,0,0,0,0,0.279054,0,0,0,3.813515,0.72666,0,0,-0.928467,0.193604,-0.509521,28.25,4.57252,-0.549618,2.47328
1479830001232,2.112573,0,0,0,0,0,0,0,0.274494,0,0,0,3.683345,0.83334,0,0,-0.932861,0.192627,-0.476074,28.25,-0.770992,-5.9084,2.03053
1479830001246,2.253933,0,0,0,0,0,0,0,0.274494,0,0,0,3.253215,0.88157,0,0,-0.921875,0.160156,-0.511475,28.2,4.29771,-10.8779,5.03053
1479830001260,2.262933,0,0,0,0,0,0,0,0.265402,0,0,0,3.046215,0.95284,0,0,-0.938477,0.175049,-0.472168,28.15,4.61069,-10.313,5.58779
1479830001274,2.209223,0,0,0,0,0,0,0,0.328938,0,0,0,3.164725,0.98166,0,0,-0.936523,0.178467,-0.488037,28.25,4.94656,-7.61069,6.70229
1479830001288,2.176013,0,0,0,0,0,0,0,0.3704542,0,0,0,3.011755,0.97134,0,0,-0.939697,0.194824,-0.460693,28.2,2.67939,-2.59542,7.34351
1479830001302,2.090933,0,0,0,0,0,0,0,0.3886296,0,0,0,3.115675,0.86342,0,0,-0.933838,0.204102,-0.461182,28.2,0.694656,-0.89313,8.0916
1479830001316,1.866483,0,0,0,0,0,0,0,0.3420614,0,0,0,3.011755,0.76588,0,0,-0.9375,0.196045,-0.494385,28.2,-0.320611,-2.29771,8.87786
1479830001330,1.805813,0,0,0,0,0,0,0,0.338304,0,0,0,2.946765,0.70718,0,0,-0.928223,0.180176,-0.486816,28.2,-2.49618,-5.09924,9.00763
1479830001344,1.748053,0,0,0,0,0,0,0,0.3609486,0,0,0,2.765495,0.660766,0,0,-0.904297,0.175781,-0.476563,28.2,-1.73282,-5.66412,9.64885
1479830001358,1.625543,0,0,0,0,0,0,0,0.3420614,0,0,0,2.621425,0.548691,0,0,-0.888428,0.192139,-0.464844,28.34,-2.98473,-3.70992,11.2443
1479830001372,1.532943,0,0,0,0,0,0,0,0.310327,0,0,0,2.605255,0.441232,0,0,-0.864746,0.180664,-0.442139,28.2,-5.67939,-5.0458,14.9695
1479830001386,1.460863,0,0,0,0,0,0,0,0.279054,0,0,0,2.464685,0.206195,0,0,-0.868164,0.177979,-0.4646,28.25,-8.25191,-6.49618,16.2901
1479830001400,1.406365,0,0,0,0,0,0,0,0.217854,0,0,0,2.420605,0.096758,0,0,-0.907471,0.200684,-0.527832,28.15,-0.129771,-7.82443,15.2901
1479830001414,1.354449,0,0,0,0,0,0,0,0.209002,0,0,0,2.404935,0.163106,0,0,-0.917725,0.206055,-0.506836,28.29,-1.03053,-11.8855,14.7176
1479830001428,1.424441,0,0,0,0,0,0,0,0.257252,0,0,0,2.177435,0.122152,0,0,-0.891113,0.203857,-0.467773,28.11,-1.47328,-15.687,16.4046
1479830001442,1.345573,0,0,0,0,0,0,0,0.225853,0,0,0,2.045995,0.221816,0,0,-0.843506,0.174561,-0.4375,28.2,-0.160305,-16.8244,19.4504
1479830001456,1.30327,0,0,0,0,0,0,0,0.274494,0,0,0,1.819685,0.325664,0,0,-0.87085,0.163574,-0.472412,28.15,1.93893,-13.2214,18.3664
1479830001470,1.175903,0,0,0,0,0,0,0,0.265402,0,0,0,1.428331,0.180289,0,0,-0.892334,0.212646,-0.47876,28.25,14.6565,1.61069,17.3893
1479830001484,1.118888,0,0,0,0,0,0,0,0.23031,0,0,0,1.236833,0.088327,0,0,-0.874756,0.222656,-0.473145,28.29,15.6718,4.73282,19.1985
1479830001498,1.079195,0,0,0,0,0,0,0,0.200187,0,0,0,1.262694,0.130651,0,0,-0.855713,0.30542,-0.459961,28.2,1.34351,11.6412,18.4504
1479830001512,1.038325,0,0,0,0,0,0,0,0.144636,0,0,0,1.188014,0.096758,0,0,-0.908447,0.243408,-0.474365,28.25,19.7328,9.75573,17.2443
1479830001526,1.04646,0,0,0,0,0,0,0,0.16616,0,0,0,1.198257,0.023149,0,0,-0.956787,0.304443,-0.481201,28.25,12.1603,9.16031,15.8779
1479830001540,0.959599,0,0,0,0,0,0,0,0.111502,0,0,0,1.026573,0,0,0,-0.95459,0.331787,-0.447021,28.25,7.31298,5.8855,14.0305
1479830001554,0.808933,0,0,0,0,0,0,0,0.095551,0,0,0,1.051498,0,0,0,-0.852539,0.266846,-0.453613,28.2,2.07634,15.0916,9.60305
1479830001568,0.815014,0,0,0,0,0,0,0,0.091374,0,0,0,1.051498,0,0,0,-0.951904,0.349365,-0.390381,28.15,-5.61069,5.48855,6.49618
1479830001582,0.822632,0,0,0,0,0,0,0,0.063196,0,0,0,0.967199,0,0,0,-0.979736,0.343262,-0.434814,28.25,-20.0916,-2.38168,4.05344
1479830001596,0.763673,0,0,0,0,0,0,0,0.038654,0,0,0,0.989391,0.031448,0,0,-0.986816,0.308838,-0.494629,28.2,-20.1527,-6.89313,-2
1479830001610,0.771173,0,0,0,0,0,0,0,0.046802,0,0,0,0.918195,0,0,0,-0.998047,0.269775,-0.552246,28.25,-27.1374,-21.7634,-9.0916
1479830001624,0.683733,0,0,0,0,0,0,0,0.042724,0,0,0,0.570711,0.130651,0,0,-1.0835,0.314697,-0.543945,28.2,-44.8779,-53.4122,-21.4656
1479830001638,0.423901,0,0,0,0,0,0,0,0,0,0,0,0.099638,0.197542,0,0,-1.14941,0.47998,-0.479248,28.15,-67.4351,-105.389,-49.6489
1479830001652,0.28798,0,0,0,0,0,0,0,0,0,0,0,0,0.352473,0,0,-1.12939,0.428223,-0.345459,28.15,-62.542,-96.2214,-60.0229
1479830001666,0.14054,0,0,0,0,0,0,0,0,0,0,0,0,0.82335,0,0,-1.10815,0.357666,-0.366943,28.29,-49.6107,-78.0763,-65.4046
1479830001680,0,0,0,0,0,0,0,0,0,0,0,0,0,1.30658,0,0,-1.01929,0.231445,-0.460449,28.2,-58.6718,-63.7328,-59.5115
1479830001694,0,0,0,0,0,0,0,0,0,0,0,0,0,1.8073,0,0,-1.0083,0.114258,-0.500488,28.2,-32.2443,-56.145,-54.5267
1479830001708,0,0,0,0,0,0,0,0,0,0,0,0,0,1.61969,0,0,-1.00464,0.102051,-0.484131,28.2,-36.4885,-56.1756,-53.7481
1479830001722,0,0,0,0,0,0,0,0,0,0,0,0,0,1.44806,0,0,-0.919922,0.0446777,-0.393311,28.29,-35.5191,-64.4962,-31.626
1479830001736,0,0,0,0,0,0,0,0,0,0,0,0,0,1.2845,0,0,-0.760986,-0.0114746,-0.369141,28.25,-7.18321,-62.5725,-14.6565
1479830001750,0,0,0,0,0,0,0,0,0,0,0,0,0,0.73643,0,0,-0.838867,-0.0185547,-0.30542,28.25,-1.80916,-36.6489,0.0534351
1479830001764,0,0,0,0,0,0,0,0,0,0,0,0,0,0.494631,0,0,-0.987793,0.14502,-0.314941,28.15,5.17557,-13.2977,5.96947
1479830001778,0,0,0,0,0,0,0,0,0,0,0,0,0,0.450392,0,0,-1.0022,0.131104,-0.270264,28.29,10.6336,-6.94656,9.52672
1479830001792,0,0,0,0,0,0,0,0,0,0,0,0,0,0.299021,0,0,-0.957031,0.225586,-0.264404,28.25,7.8855,-0.610687,12.5191
1479830001806,0,0,0,0,0,0,0,0,0,0,0,0,0,0.163106,0,0,-0.881104,0.256592,-0.297607,28.25,0.427481,5.64885,15.5878
1479830001820,0,0,0,0,0,0,0,0,0,0,0,0,0,0,0,0,-0.826904,0.165527,-0.245605,28.15,-1.10687,14.1298,16.4656
1479830001834,0,0,0,0,0,0,0,0,0,0,0,0,0,0,0,0,-0.749512,0.12207,-0.271729,28.25,-5.91603,22.4809,14.8855
1479830001848,0,0,0,0,0,0,0,0,0,0,0,0,0,0,0,0,-0.695801,0.158936,-0.351318,28.2,-8.31298,24.4351,9.09924
1479830001862,0,0,0,0,0,0,0,0,0,0,0,0,0,0,0,0,-0.623047,0.203857,-0.383789,28.2,-5.49618,23.2901,2.62595
1479830001876,0,0,0,0,0,0,0,0,0,0,0,0,0,0,0,0,-0.575684,0.235352,-0.375244,28.2,-6.57252,24.5573,-4.85496
1479830001890,0,0,0,0,0,0,0,0,0,0,0,0,0,0,0,0,-0.571777,0.271729,-0.390625,28.2,-5.40458,23.2748,-12.458
1479830001904,0,0,0,0,0,0,0,0,0,0,0,0,0,0.014867,0,0,-0.60376,0.272949,-0.335693,28.2,-1.29771,20.5649,-17.1908
1479830001918,0,0,0,0,0,0,0,0,0,0,0,0,0,0.457734,0,0,-0.606934,0.224854,-0.304932,28.25,9.51908,18.1527,-17.916
1479830001932,0,0,0,0,0,0,0,0,0,0,0,0,0,1.10512,0,0,-0.669678,0.171631,-0.22168,28.15,21.1145,23.145,-18.9389
1479830001946,0,0,0,0,0,0,0,0,0,0,0,0,0,1.4709,0,0,-0.756592,0.111816,-0.254639,28.25,33.3893,36.7481,-20.4427
1479830001960,0,0,0,0,0,0,0,0,0,0,0,0,0,1.81957,0,0,-0.983154,0.0930176,-0.416016,28.2,54.7328,55.3359,-6.64122
1479830001974,0,0,0,0,0,0,0,0,0.087206,0,0,0,0,1.91632,0,0,-1.12183,0.131592,-0.412842,28.15,51.6107,53.6947,5.12214
1479830001988,0,0,0,0,0,0,0,0,0.20459,0,0,0,0,1.65284,0,0,-1.17456,0.13623,-0.396729,28.25,25.4504,46.8626,8.74046
1479830002002,0,0,0,0,0,0,0,0,0.243738,0,0,0,0,1.23193,0,0,-1.13477,0.171631,-0.38916,28.11,12.8855,44.4275,5.9771
1479830002016,0,0,0,0,0,0,0,0,0.239253,0,0,0,0,0.99199,0,0,-1.06128,0.219482,-0.43042,28.25,8.17557,37.1069,8.56489
1479830002030,0.103866,0,0,0,0,0,0,0,0.20459,0,0,0,0,0.82335,0,0,-1.00146,0.242432,-0.442871,28.2,7.25954,32.9466,13.9695
1479830002044,0.182652,0,0,0,0,0,0,0,0.195794,0,0,0,0,0.70718,0,0,-0.947754,0.206299,-0.470703,28.15,9.64122,24.374,16.2748
1479830002058,0.36511,0,0,0,0,0,0,0,0.141213,0,0,0,0,0.548691,0,0,-0.90918,0.258301,-0.481201,28.29,13.7023,18.2748,16.2824
1479830002072,0.4769467,0,0,0,0,0,0,0,0.111502,0,0,0,0.089169,0.69941,0,0,-0.897705,0.257813,-0.452148,28.29,19.9695,17.4351,11.8168
1479830002086,0.403734,0,0,0,0,0,0,0,0.217854,0,0,0,0.00823,0.69941,0,0,-0.91626,0.234131,-0.406738,28.25,16.5115,15.0763,11.5649
1479830002100,0.371735,0,0,0,0,0,0,0,0.153219,0,0,0,0.287415,0.548691,0,0,-0.943359,0.178955,-0.343994,28.34,16.5115,20.6107,12.9695
1479830002114,0.378375,0,0,0,0,0,0,0,0.174832,0,0,0,0.276564,0.595834,0,0,-0.967529,0.166016,-0.320313,28.2,17.9389,22.1603,14.2672
1479830002128,0.397041,0,0,0,0,0,0,0,0.16616,0,0,0,0.110128,0.79353,0,0,-0.976074,0.185547,-0.362305,28.29,12.855,20.9389,16.6718
1479830002142,0.46326,0,0,0,0,0,0,0,0.063196,0,0,0,0.120639,0.52251,0,0,-0.960205,0.164551,-0.508057,28.34,11.6489,14.0458,20.7863
1479830002156,0.470096,0,0,0,0,0,0,0,0.221406,0,0,0,0.099638,0.614833,0,0,-0.942383,0.187744,-0.468018,28.15,9.22901,12.5725,22.6794
1479830002170,0.371735,0,0,0,0,0,0,0,0.257252,0,0,0,0.028863,0.576916,0,0,-0.945557,0.222412,-0.459717,28.11,7.41985,8.96947,22.2672
1479830002184,0.231691,0,0,0,0,0,0,0,0.292795,0,0,0,0.018536,0.605323,0,0,-0.966797,0.300537,-0.395752,28.29,3.00763,8.23664,22
1479830002198,0.300918,0,0,0,0,0,0,0,0.288205,0,0,0,0.049579,0.513197,0,0,-0.961182,0.27002,-0.438232,28.15,-6.0229,-2.20611,23.6489
1479830002212,0.225359,0,0,0,0,0,0,0,0.234777,0,0,0,0.049579,0.69941,0,0,-0.936768,0.294434,-0.403564,28.2,-4.30534,-2.87023,20.8626
1479830002226,0.068838,0,0,0,0,0,0,0,0.007191,0,0,0,0.03921,0.73643,0,0,-0.887939,0.19043,-0.460205,28.2,4.22137,-0.961832,10.7328
1479830002240,0.010577,0,0,0,0,0,0,0,0.087206,0,0,0,0.03921,0.641569,0,0,-0.783936,0.0834961,-0.590332,28.15,-11.5954,4.65649,10.313
1479830002254,0.022374,0,0,0,0,0,0,0,0.20459,0,0,0,0.03921,0.70718,0,0,-0.884277,0.254883,-0.322021,28.2,-3,-3.72519,6.93893
1479830002268,0.034218,0,0,0,0,0,0,0,0.217854,0,0,0,0.028863,0.77573,0,0,-0.858643,0.208984,-0.497559,28.11,-8.67176,3,6.74046
1479830002282,0,0,0,0,0,0,0,0,0.217854,0,0,0,0.059968,0.83334,0,0,-0.923096,0.214355,-0.496582,28.2,-3.26718,9.48855,0.732824
1479830002296,0,0,0,0,0,0,0,0,0.217854,0,0,0,0.049579,0.80345,0,0,-0.968018,0.242432,-0.574463,28.15,-0.977099,5.41985,-2.64122
1479830002310,0,0,0,0,0,0,0,0,0.191409,0,0,0,0.070378,0.86342,0,0,-0.993652,0.276367,-0.596436,28.15,-4.9313,-0.59542,-4.77863
1479830002324,0,0,0,0,0,0,0,0,0.209002,0,0,0,0.080809,0.86342,0,0,-1.00317,0.314697,-0.553223,28.25,-17.6107,-10.8015,-5.0916
1479830002338,0,0,0,0,0,0,0,0,0.217854,0,0,0,0.131172,0.72666,0,0,-0.973389,0.294189,-0.568604,28.25,-16.8626,-18.2748,-10.2672
1479830002352,0,0,0,0,0,0,0,0,0.209002,0,0,0,0.287415,0.83334,0,0,-0.904297,0.219482,-0.561523,28.15,-14.1985,-20.9542,-14.0229
1479830002366,0,0,0,0,0,0,0,0,0.213424,0,0,0,0.320102,0.90182,0,0,-0.857178,0.207764,-0.449219,28.25,-15.1069,-20.2824,-14.687
1479830002380,0,0,0,0,0,0,0,0,0.23031,0,0,0,0.331043,1.00235,0,0,-0.824463,0.132324,-0.447266,28.25,-11.5649,-14.4504,-14.1374
1479830002394,0,0,0,0,0,0,0,0,0.20459,0,0,0,0.331043,1.07342,0,0,-0.824707,0.129395,-0.414063,28.2,-4.8855,-8.41985,-12.7557
1479830002408,0,0,0,0,0,0,0,0,0.225853,0,0,0,0.331043,1.08396,0,0,-0.847656,0.140381,-0.420654,28.2,1.57252,-3.50382,-9.15267
1479830002422,0,0,0,0,0,0,0,0,0.191409,0,0,0,0.331043,0.97134,0,0,-0.921143,0.194336,-0.492188,28.25,5.70229,-7.48855,-6.44275
1479830002436,0,0,0,0,0,0,0,0,0.103931,0,0,0,0.331043,0.90182,0,0,-0.9021,0.243408,-0.474121,28.29,1.27481,-11.9847,-7.22137
1479830002450,0,0,0,0,0,0,0,0,0.078894,0,0,0,0.3420061,0.92216,0,0,-0.891357,0.248047,-0.473389,28.2,-3.9313,-10.7786,-7.83969
1479830002464,0,0,0,0,0,0,0,0,0,0,0,0,0.309184,0.80345,0,0,-0.883057,0.227783,-0.454102,28.15,-6.62595,-10.1832,-7.68702
1479830002478,0,0,0,0,0,0,0,0,0,0,0,0,0.173517,0.81339,0,0,-0.871338,0.219971,-0.427979,28.15,-10.855,-10.0153,-8.70992
1479830002492,0,0,0,0,0,0,0,0,0.019234,0,0,0,0.182027,0.84335,0,0,-0.862305,0.225586,-0.440186,28.2,-10.5725,-10.2977,-8.54198
1479830002506,0,0,0,0,0,0,0,0,0,0,0,0,0.320102,0.80345,0,0,-0.887695,0.203125,-0.425781,28.15,-11.7863,-11.3511,-7.82443
1479830002520,0,0,0,0,0,0,0,0,0.034593,0,0,0,0.3949471,0.72666,0,0,-0.896729,0.221924,-0.438965,28.2,-20.4885,-12.9924,-5.32824
1479830002534,0,0,0,0,0,0,0,0,0,0,0,0,0.406043,0.75604,0,0,-0.835938,0.135986,-0.388672,28.15,-19.1374,-7.26718,-4.96183
1479830002548,0,0,0,0,0,0,0,0,0,0,0,0,0.3949471,0.74622,0,0,-0.833984,0.134033,-0.374512,28.15,-13.8244,-0.473282,-6.55725
1479830002562,0,0,0,0,0,0,0,0,0.023264,0,0,0,0.4283042,0.79353,0,0,-0.877686,0.190186,-0.363281,28.34,-7.33588,6.87023,-6.16794
1479830002576,0,0,0,0,0,0,0,0,0.063196,0,0,0,0.43946955,0.84335,0,0,-0.889648,0.223145,-0.367432,28.15,-5.29771,9.19847,-3.77863
1479830002590,0,0,0,0,0,0,0,0,0.070617,0,0,0,0.593664,0.71691,0,0,-0.901611,0.216797,-0.381836,28.29,-7.47328,9.20611,-2.41985
1479830002604,0,0,0,0,0,0,0,0,0.070617,0,0,0,0.66311,0.68972,0,0,-0.905762,0.210449,-0.411621,28.25,-6.77099,6.0916,-2.33588
1479830002618,0,0,0,0,0,0,0,0,0.054982,0,0,0,0.684117,0.622455,0,0,-0.917969,0.23877,-0.453125,28.2,-7.03053,0.679389,-2.39695
1479830002632,0,0,0,0,0,0,0,0,0.054982,0,0,0,0.66311,0.614833,0,0,-0.924072,0.24707,-0.404297,28.2,-9.67939,-0.175573,-3.06107
1479830002646,0,0,0,0,0,0,0,0,0.078894,0,0,0,0.989391,0.586365,0,0,-0.984619,0.205078,-0.431396,28.25,-12.6565,-1.83969,-3.76336
1479830002660,0,0,0,0,0,0,0,0,0.091374,0,0,0,1.188014,0.586365,0,0,-0.995605,0.178955,-0.447266,28.2,-13.626,-4.0229,-3.07634
1479830002674,0,0,0,0,0,0,0,0,0.182668,0,0,0,1.162485,0.548691,0,0,-0.981201,0.152588,-0.447754,28.2,-13.9542,-4.99237,-2.46565
1479830002688,0,0,0,0,0,0,0,0,0.128427,0,0,0,1.351499,0.622455,0,0,-0.944092,0.151123,-0.445557,28.15,-13.7634,-6.82443,-1.26718
1479830002702,0,0,0,0,0,0,0,0,0.153219,0,0,0,1.351499,0.641569,0,0,-0.936523,0.157715,-0.406006,28.39,-11.313,-4.39695,-0.938931
1479830002716,0,0,0,0,0,0,0,0,0.174832,0,0,0,1.377878,0.632002,0,0,-0.931152,0.167969,-0.404297,28.2,-9.0458,-1.96947,0.427481
1479830002730,0,0,0,0,0,0,0,0,0.234777,0,0,0,1.455065,0.641569,0,0,-0.913818,0.145752,-0.427734,28.15,-3.90076,-2.54198,3.70229
1479830002744,0,0,0,0,0,0,0,0,0.243738,0,0,0,1.468475,0.641569,0,0,-0.915039,0.163818,-0.420898,28.2,1,-3.9542,7.85496
1479830002758,0,0,0,0,0,0,0,0,0.248233,0,0,0,1.546865,0.595834,0,0,-0.943848,0.163086,-0.420898,28.15,3.91603,-5.57252,8.08397
1479830002772,0,0,0,0,0,0,0,0,0.314965,0,0,0,1.615285,0.69941,0,0,-0.95166,0.188721,-0.430908,28.11,4.45802,-6.05344,7.79389
1479830002786,0,0,0,0,0,0,0,0,0.328938,0,0,0,1.615285,0.78364,0,0,-0.952148,0.206543,-0.40332,28.25,3.93893,0.236641,5.32061
1479830002800,0,0,0,0,0,0,0,0,0.292795,0,0,0,1.495385,0.68972,0,0,-0.953613,0.229248,-0.412354,28.25,2.54198,4.67176,2.74809
1479830002814,0,0,0,0,0,0,0,0,0.328938,0,0,0,1.508885,0.605323,0,0,-0.94751,0.217773,-0.429199,28.25,-0.374046,4.45802,2.66412
1479830002828,0,0,0,0,0,0,0,0,0.319612,0,0,0,1.587825,0.67039,0,0,-0.935059,0.187012,-0.435791,28.25,1.29008,3.96947,1.38931
1479830002842,0,0,0,0,0,0,0,0,0.305699,0,0,0,1.587825,0.72666,0,0,-0.932861,0.178955,-0.417969,28.2,3.38931,4.8626,0.755725
1479830002856,0,0,0,0,0,0,0,0,0.301082,0,0,0,1.629065,0.82335,0,0,-0.926025,0.199951,-0.408203,28.2,2.63359,4.41985,0.0381679
1479830002870,0,0,0,0,0,0,0,0,0.3562114,0,0,0,1.522425,0.90182,0,0,-0.907471,0.194092,-0.435059,28.25,6.16794,7.72519,-0.969466
1479830002884,0,0,0,0,0,0,0,0,0.4079262,0,0,0,1.615285,0.94259,0,0,-0.912842,0.212646,-0.437988,28.2,7.65649,4.15267,-1.55725
1479830002898,0,0,0,0,0,0,0,0,0.4176384,0,0,0,1.601535,1.03357,0,0,-0.924561,0.214111,-0.434082,28.2,6.33588,1.35878,-2.64122
1479830002912,0,0,0,0,0,0,0,0,0.3790447,0,0,0,1.587825,0.97134,0,0,-0.932617,0.213379,-0.435791,28.15,3.83206,-3.21374,-3.37405
1479830002926,0,0,0,0,0,0,0,0,0.3609486,0,0,0,1.455065,0.96105,0,0,-0.883789,0.208008,-0.41333,28.11,1.70229,-4.41221,-3.82443
1479830002940,0,0,0,0,0,0,0,0,0.4215353,0,0,0,1.535985,0.91198,0,0,-0.885498,0.196777,-0.397461,28.29,-0.320611,-1.45802,-3.14504
1479830002954,0,0,0,0,0,0,0,0,0.4264162,0,0,0,1.629065,0.83334,0,0,-0.9021,0.184814,-0.39502,28.2,0.572519,1.27481,-1.57252
1479830002968,0,0,0,0,0,0,0,0,0.4030861,0,0,0,1.681715,0.74622,0,0,-0.890869,0.197021,-0.398193,28.2,0.908397,3.05344,0.122137
1479830002982,0,0,0,0,0,0,0,0,0.3562114,0,0,0,1.522425,0.605323,0,0,-0.896729,0.17749,-0.424316,28.15,-0.557252,4.93893,4.18321
1479830002996,0,0,0,0,0,0,0,0,0.310327,0,0,0,1.288672,0.485377,0,0,-0.928711,0.194824,-0.38916,28.15,2.80153,11.0076,4.14504
1479830003010,0,0,0,0,0,0,0,0,0.310327,0,0,0,1.175235,0.432091,0,0,-0.938477,0.198486,-0.416016,28.2,3.14504,15.4809,5.70992
1479830003024,0,0,0,0,0,0,0,0,0.292795,0,0,0,1.198257,0.343518,0,0,-0.922852,0.180664,-0.450684,28.25,3.48855,19.6565,5.76336
1479830003038,0,0,0,0,0,0,0,0,0.279054,0,0,0,1.175235,0.256735,0,0,-0.906982,0.181152,-0.453857,28.2,0.0534351,16.8015,7
1479830003052,0,0,0,0,0,0,0,0,0.257252,0,0,0,0.977051,0.11367,0,0,-0.904053,0.178223,-0.427246,28.25,6.19847,19.8626,6.51145
1479830003066,0,0,0,0,0,0,0,0,0.257252,0,0,0,0.942643,0.122152,0,0,-0.917236,0.1604,-0.441895,28.25,7.84733,23.2443,6.74046
1479830003080,0,0,0,0,0,0,0,0,0.26087,0,0,0,0.872034,0.071517,0,0,-0.932373,0.194092,-0.457275,28.2,9.80916,25.4046,6.64885
1479830003094,0,0,0,0,0,0,0,0,0.252738,0,0,0,0.5387383,0.139168,0,0,-0.964111,0.208008,-0.507568,28.15,8.54962,23.3206,5.71756
1479830003108,0,0,0,0,0,0,0,0,0.248233,0,0,0,0.4933892,0.214866,0,0,-1.01099,0.248047,-0.526367,28.25,5.19084,16.855,2.9771
1479830003122,0,0,0,0,0,0,0,0,0.257252,0,0,0,0.3949471,0.247978,0,0,-1.02637,0.280273,-0.51709,28.25,4.15267,7.82443,-0.648855
1479830003136,0,0,0,0,0,0,0,0,0.274494,0,0,0,0.3949471,0.256735,0,0,-0.996094,0.2771,-0.539551,28.29,-1.33588,-4.36641,-1.8626
1479830003150,0,0,0,0,0,0,0,0,0.279054,0,0,0,0.3949471,0.239239,0,0,-0.944824,0.275635,-0.521484,28.29,-8.77863,-10.2977,-1.41221
1479830003164,0,0,0,0,0,0,0,0,0.292795,0,0,0,0.3949471,0.130651,0,0,-0.895264,0.209717,-0.481201,28.25,-11.8092,-6.30534,-1.22137
1479830003178,0,0,0,0,0,0,0,0,0.288205,0,0,0,0.3949471,0.031448,0,0,-0.890625,0.206055,-0.510254,28.11,-12.6031,-7.12977,-2.61069
1479830003192,0,0,0,0,0,0,0,0,0.279054,0,0,0,0.224787,0,0,0,-0.887695,0.262939,-0.486328,28.25,-14.0916,-18.1298,-2.37405
1479830003206,0,0,0,0,0,0,0,0,0.3467678,0,0,0,0.246299,0,0,0,-0.882324,0.281982,-0.465332,28.15,-16.1374,-21.313,-3.74809
1479830003220,0,0,0,0,0,0,0,0,0.314965,0,0,0,0.267899,0,0,0,-0.852295,0.233643,-0.427979,28.11,-19.6947,-20.2214,-2.00763
1479830003234,0,0,0,0,0,0,0,0,0.310327,0,0,0,0.246299,0,0.130086,0,-0.807373,0.205078,-0.399658,28.11,-19.0992,-14.7405,-1.30534
1479830003248,0,0,0,0,0,0,0,0,0.283625,0,0,0,0.309184,0,0.130086,0,-0.808838,0.195068,-0.40332,28.29,-20.9084,-10.8397,1.40458
1479830003262,0,0,0,0,0,0,0,0,0.265402,0,0,0,0.320102,0,0.20168,0,-0.785156,0.162354,-0.386963,28.11,-19.3359,-9.24427,7.32824
1479830003276,0,0,0,0,0,0,0,0,0.274494,0,0,0,0.320102,0,0.20168,0,-0.755371,0.131836,-0.359131,28.25,-18.6489,-4.29771,10.7863
1479830003290,0,0,0,0,0,0,0,0,0.091374,0,0,0,0.3728244,0,0.265681,0,-0.7771,0.164795,-0.384766,28.25,-16.9618,7.38931,13.8779
1479830003304,0,0,0,0,0,0,0,0,0.074751,0,0,0,0.287415,0,0.317452,0,-0.793945,0.19165,-0.379883,28.11,-15.5649,12.3511,13.3359
1479830003318,0,0,0,0,0,0,0,0,0.083046,0,0,0,0.287415,0,0.339175,0,-0.807861,0.209961,-0.40918,28.25,-16.9466,15.1679,13.9542
1479830003332,0,0,0,0,0,0,0,0,0.103931,0,0,0,0.287415,0,0.339175,0,-0.839844,0.21875,-0.427979,28.25,-18.3282,17.0992,14.7252
1479830003346,0,0,0,0,0,0,0,0,0,0,0,0,0.287415,0,0.360987,0,-0.918945,0.239746,-0.454102,28.25,-19.7023,13.855,15.5802
1479830003360,0,0,0,0,0,0,0,0,0.03135,0,0,0,0.246299,0,0.369738,0,-0.927979,0.244629,-0.467773,28.2,-22.0076,12.1069,17.8397
1479830003374,0,0,0,0,0,0,0,0,0,0,0,0,0.246299,0,0.369738,0,-0.911621,0.237305,-0.463135,28.25,-23.1603,10.3511,19.1756
1479830003388,0,0,0,0,0,0,0,0,0.023264,0,0,0,0.235532,0,0.424758,0,-0.901611,0.234375,-0.483643,28.15,-19.9695,12.6412,20.7023
1479830003402,0,0,0,0,0,0,0,0,0,0,0,0,0.246299,0,0.413708,0,-0.920166,0.24585,-0.493652,28.29,-17.7939,13.3359,20
1479830003416,0,0,0,0,0,0,0,0,0,0,0,0,0.235532,0,0.424758,0,-0.93335,0.289063,-0.536865,28.15,-17.855,9.43511,18.5344
1479830003430,0,0,0,0,0,0,0,0,0,0,0,0,0.235532,0,0.413708,0,-0.919434,0.314209,-0.511963,28.29,-18.0687,8.10687,16.1374
1479830003444,0,0,0,0,0,0,0,0,0,0,0,0,0.267899,0,0.391677,0,-0.890869,0.334961,-0.491211,28.2,-20.6794,9.32061,12.6947
1479830003458,0,0,0,0,0,0,0,0,0,0,0,0,0.267899,0,0.380696,0,-0.899414,0.317139,-0.507568,28.15,-22.9389,8.58015,8.71756
1479830003472,0,0,0,0,0,0,0,0,0,0,0,0,0.267899,0,0.360987,0,-0.879639,0.313477,-0.499268,28.2,-21.1603,7.83206,4.82443
1479830003486,0,0,0,0,0,0,0,0,0,0,0,0,0.276564,0,0.534278,0,-0.865479,0.325439,-0.497314,28.29,-17.8397,6.34351,-2.48855
1479830003500,0,0,0,0,0,0,0,0,0,0,0,0,0.331043,0,0.701696,0,-0.866943,0.323486,-0.473145,28.2,-13.7023,8.72519,-4.47328
1479830003514,0,0,0,0,0,0,0,0,0,0,0,0,0.417162,0,0.817034,0,-0.878418,0.306885,-0.512939,28.25,-7.32061,4.45802,-3.78626
1479830003528,0,0,0,0,0,0,0,0,0,0,0,0,0.4821112,0,1.04279,0,-0.871826,0.277344,-0.491699,28.29,-8.06107,4.30534,-4.58015
1479830003542,0,0,0,0,0,0,0,0,0,0,0,0,0.742896,0,1.18834,0,-0.845703,0.269043,-0.470459,28.29,-4.89313,4.06107,-3.25954
1479830003556,0,0,0,0,0,0,0,0,0,0,0,0,0.787991,0,1.48301,0,-0.846191,0.247314,-0.483887,28.25,-5.43511,5.37405,-1.73282
1479830003570,0,0,0,0,0,0,0,0,0,0,0,0,0.90601,0,1.6678,0,-0.835693,0.253906,-0.491211,28.29,-2.60305,6.87023,-0.793893
1479830003584,0,0,0,0,0,0,0,0,0,0,0,0,1.001758,0,1.97362,0,-0.86377,0.279785,-0.491455,28.2,-1.29771,9.83206,0.854962
1479830003598,0,0,0,0,0,0,0,0,0,0,0,0,1.039022,0,2.18942,0,-0.882324,0.294678,-0.492676,28.29,-0.671756,11.6336,1.90076
1479830003612,0,0,0,0,0,0,0,0,0,0,0,0,1.137071,0,2.55174,0,-0.909424,0.302246,-0.50415,28.2,0.877863,9.47328,2.64885
1479830003626,0,0,0,0,0,0,0,0,0,0,0,0,1.236833,0,2.83853,0,-0.91333,0.358398,-0.480957,28.2,-1.54962,5.74046,2.00763
1479830003640,0,0,0,0,0,0,0,0,0,0,0,0,1.288672,0,2.83853,0,-0.888672,0.330078,-0.489502,28.2,-4.01527,4.96183,1.71756
1479830003654,0,0,0,0,0,0,0,0,0,0,0,0,1.338354,0,2.87194,0,-0.876953,0.312744,-0.493652,28.15,-3.89313,2.70229,0.885496
1479830003668,0,0,0,0,0,0,0,0,0,0,0,0,1.391113,0,2.9732,0,-0.881348,0.307373,-0.483398,28.2,-4.46565,2.9313,1.24427
1479830003682,0,0,0,0,0,0,0,0,0,0,0,0,1.417673,0,2.93927,0,-0.863037,0.29834,-0.465332,28.15,-3.62595,3.42748,1.80153
1479830003696,0,0,0,0,0,0,0,0,0,0,0,0,1.468475,0,2.92237,0,-0.865967,0.278076,-0.471436,28.15,-2.33588,2.16794,2.72519
1479830003710,0,0,0,0,0,0,0,0,0,0,0,0,1.508885,0,2.88871,0,-0.851807,0.296143,-0.48877,28.25,0.778626,0.549618,3.37405
1479830003724,0,0,0,0,0,0,0,0,0,0,0,0,1.481915,0,2.93927,0,-0.865479,0.324951,-0.468994,28.25,2.9542,2.61069,2.35115
1479830003738,0,0,0,0,0,0,0,0,0,0,0,0,1.522425,0,2.95621,0,-0.890625,0.333496,-0.494629,28.2,4.34351,3.69466,-0.0152672
1479830003752,0,0,0,0,0,0,0,0,0,0,0,0,1.560485,0,3.02099,0,-0.902344,0.344727,-0.506104,28.25,3.16794,1.01527,-1.09924
1479830003766,0,0,0,0,0,0,0,0,0,0,0,0,1.629065,0,3.02099,0,-0.844727,0.312256,-0.491211,28.15,1.74809,2.40458,-2.90076
1479830003780,0,0,0,0,0,0,0,0,0,0,0,0,1.723615,0,3.15598,0,-0.876709,0.295654,-0.487305,28.15,3.92366,3.32061,-4.43511
1479830003794,0,0,0,0,0,0,0,0,0,0,0,0,1.642875,0,3.12459,0,-0.885986,0.312256,-0.486816,28.25,3.00763,1.96183,-5.32824
1479830003808,0,0,0,0,0,0,0,0,0,0,0,0,1.508885,0,3.13852,0,-0.88208,0.329346,-0.49292,28.25,0.389313,0.48855,-6.30534
1479830003822,0,0,0,0,0,0,0,0,0,0,0,0,1.522425,0,3.41985,0,-0.871826,0.308105,-0.476807,28.34,-1.61069,0.396947,-6.78626
1479830003836,0,0,0,0,0,0,0,0,0,0,0,0,1.601535,0,3.65285,0,-0.875977,0.29126,-0.487793,28.2,-0.328244,0.389313,-6.69466
1479830003850,0,0,0,0,0,0,0,0,0,0,0,0,1.667815,0,3.85901,0,-0.864746,0.291748,-0.472656,28.11,-0.938931,3.00763,-6.01527
1479830003864,0,0,0,0,0,0,0,0,0,0,0,0,1.667815,0,4.22883,0,-0.861816,0.271973,-0.479492,28.2,0.900763,4.14504,-5.70229
1479830003878,0,0,0,0,0,0,0,0,0,0,0,0,1.681715,0,4.22883,0,-0.869873,0.269775,-0.498047,28.2,1.83969,4.42748,-4.18321
1479830003892,0,0,0,0,0,0,0,0,0,0,0,0,1.535985,0,4.32745,0,-0.867432,0.257568,-0.516113,28.2,1.40458,2.35115,-2.82443
1479830003906,0,0,0,0,0,0,0,0,0,0,0,0,1.546865,0,4.18814,0,-0.87085,0.271973,-0.510498,28.15,1.75573,1.26718,-2.40458
1479830003920,0,0,0,0,0,0,0,0,0,0,0,0,1.615285,0,4.0714,0,-0.850342,0.2854,-0.503662,28.2,0.961832,2.28244,-2.70992
1479830003934,0,0,0,0,0,0,0,0,0,0,0,0,1.574135,0,4.26976,0,-0.839844,0.261963,-0.508301,28.15,-2.1145,2.19847,-2.74809
1479830003948,0,0,0,0,0,0,0,0,0,0,0,0,1.615285,0,4.18814,0,-0.833496,0.269043,-0.504395,28.15,-1.71756,0.335878,-2.83206
1479830003962,0,0,0,0,0,0,0,0,0,0,0,0,1.779945,0,4.16787,0,-0.817627,0.263916,-0.486084,28.15,-4.96947,-0.0229008,-1.99237
1479830003976,0,0,0,0,0,0,0,0,0,0,0,0,1.779945,0,3.80113,0,-0.806152,0.24292,-0.493896,28.2,-6.61832,1.22901,-1.48092
1479830003990,0,0,0,0,0,0,0,0,0,0,0,0,1.848235,0,3.7285,0,-0.802734,0.242188,-0.494141,28.2,-7.29008,1.55725,-1.43511
1479830004004,0,0,0,0,0,0,0,0,0,0,0,0,1.819685,0,3.58175,0,-0.829346,0.266357,-0.500244,28.15,-7.28244,1.20611,-2.19847
1479830004018,0,0,0,0,0,0,0,0,0,0,0,0,1.960875,0,3.45265,0,-0.852539,0.242676,-0.520508,28.15,-4.18321,2.9084,-2.93893
1479830004032,0,0,0,0,0,0,0,0,0,0,0,0,2.060795,0,3.08988,0,-0.861816,0.237305,-0.540771,28.25,-3.89313,0.465649,-0.946565
1479830004046,0,0,0,0,0,0,0,0,0,0,0,0,2.045995,0,3.07259,0,-0.855957,0.248291,-0.520752,28.25,-3.77863,1.47328,0.801527
1479830004060,0,0,0,0,0,0,0,0,0,0,0,0,2.060795,0,2.68052,0,-0.854492,0.249023,-0.518066,28.2,-3.54962,4.22137,1.70229
1479830004074,0,0,0,0,0,0,0,0,0,0,0,0,2.075625,0,2.52312,0,-0.86084,0.274658,-0.525391,28.2,-2.58779,4.54962,2.39695
1479830004088,0,0,0,0,0,0,0,0,0,0,0,0,2.060795,0,2.72621,0,-0.865723,0.289063,-0.532471,28.2,-2.99237,2.15267,3.22901
1479830004102,0,0,0,0,0,0,0,0,0,0,0,0,1.990095,0,2.56769,0,-0.873779,0.278809,-0.515381,28.2,-2.83206,-1.28244,3.76336
1479830004116,0,0,0,0,0,0,0,0,0,0,0,0,2.105395,0,2.7426,0,-0.885498,0.259033,-0.5354,28.2,-2.48092,-2.41221,4.00763
1479830004130,0,0,0,0,0,0,0,0,0,0,0,0,2.034185,0,2.539,0,-0.882813,0.273438,-0.519531,28.15,-4.00763,-3.39695,3.89313
1479830004144,0,0,0,0,0,0,0,0,0,0,0,0,2.045995,0,2.52312,0,-0.857178,0.276611,-0.53125,28.15,-5.51908,-2.94656,3.28244
1479830004158,0,0,0,0,0,0,0,0,0,0,0,0,2.090495,0,2.33863,0,-0.862549,0.283203,-0.518066,28.11,-5.9084,-3.37405,2.16031
1479830004172,0,0,0,0,0,0,0,0,0,0,0,0,2.090495,0,2.40056,0,-0.88208,0.320801,-0.520508,28.2,-7.29771,-4.96947,-0.938931
1479830004186,0,0,0,0,0,0,0,0,0,0,0,0,2.135315,0,2.44428,0,-0.875,0.31958,-0.511963,28.15,-8.55725,-5.51908,-2.61832
1479830004200,0,0,0,0,0,0,0,0,0,0,0,0,2.150325,0,2.40056,0,-0.86499,0.299805,-0.500977,28.25,-9.61069,-4.75573,-3.74809
1479830004214,0,0,0,0,0,0,0,0,0,0,0,0,2.120335,0,2.24989,0,-0.864258,0.27124,-0.505371,28.15,-7.50382,-3.18321,-3.58015
1479830004228,0,0,0,0,0,0,0,0,0,0,0,0,2.284005,0,2.20449,0,-0.878174,0.280029,-0.51123,28.25,-6.0458,-6.21374,-2.41985
1479830004242,0,0,0,0,0,0,0,0,0,0,0,0,2.327155,0,2.27729,0,-0.878906,0.296875,-0.480713,28.2,-4.03053,-6.42748,-2.61832
1479830004256,0,0,0,0,0,0,0,0,0,0,0,0,2.373705,0,2.30788,0,-0.880859,0.275391,-0.486816,28.2,-3.75573,-8.0229,-2.45802
1479830004270,0,0,0,0,0,0,0,0,0,0,0,0,2.222885,0,2.35405,0,-0.885986,0.282471,-0.486328,28.2,-4.45038,-8.60305,-2.75573
1479830004284,0,0,0,0,0,0,0,0,0,0,0,0,2.162365,0,2.38502,0,-0.871826,0.289063,-0.494385,28.2,-5.31298,-9.61069,-2.71756
1479830004298,0,0,0,0,0,0,0,0,0,0,0,0,2.207705,0,2.40056,0,-0.857178,0.27417,-0.474609,28.2,-6.80916,-10.3053,-3.32824
1479830004312,0,0,0,0,0,0,0,0,0,0,0,0,2.150325,0,2.58369,0,-0.882324,0.297852,-0.480957,28.25,-8.38931,-8.19084,-5.17557
1479830004326,0,0,0,0,0,0,0,0,0,0,0,0,2.207705,0,2.59973,0,-0.882568,0.293945,-0.511963,28.2,-10.458,-11.5115,-4.89313
1479830004340,0,0,0,0,0,0,0,0,0,0,0,0,2.177435,0,2.68052,0,-0.874756,0.282715,-0.47583,28.15,-8.9542,-11.4733,-4.51908
1479830004354,0,0,0,0,0,0,0,0,0,0,0,0,2.135315,0,2.68052,0,-0.883057,0.265137,-0.464111,28.29,-6.83969,-11.3817,-2.9313
1479830004368,0,0,0,0,0,0,0,0,0,0,0,0,2.019455,0,2.63192,0,-0.89502,0.257324,-0.453125,28.29,-7.61069,-10.1985,-1.43511
1479830004382,0,0,0,0,0,0,0,0,0,0,0,0,1.946315,0,2.80861,0,-0.87915,0.265869,-0.449951,28.25,-8.22901,-8.96947,0.328244
1479830004396,0,0,0,0,0,0,0,0,0,0,0,0,1.891315,0,2.79204,0,-0.88208,0.263184,-0.448242,28.15,-8.58779,-7.72519,1.46565
1479830004410,0,0,0,0,0,0,0,0,0,0,0,0,1.876925,0,2.88871,0,-0.880371,0.267578,-0.45166,28.2,-9.21374,-6.53435,1.79389
1479830004424,0,0,0,0,0,0,0,0,0,0,0,0,1.791275,0,2.88871,0,-0.894043,0.264648,-0.453125,28.2,-10.3282,-4.10687,2.26718
1479830004438,0,0,0,0,0,0,0,0,0,0,0,0,1.779945,0,2.95621,0,-0.882568,0.26001,-0.452393,28.15,-10.1145,-4.00763,2.54962
1479830004452,0,0,0,0,0,0,0,0,0,0,0,0,1.615285,0,2.92237,0,-0.884277,0.262207,-0.473877,28.25,-8.9771,-3.83969,3.21374
1479830004466,0,0,0,0,0,0,0,0,0,0,0,0,1.819685,0,2.95621,0,-0.876709,0.267578,-0.466064,28.2,-9.10687,-3.98473,4.06107
1479830004480,0,0,0,0,0,0,0,0,0,0,0,0,1.891315,0,2.87194,0,-0.871826,0.269287,-0.474121,28.2,-9.65649,-4.21374,4.61832
1479830004494,0,0,0,0,0,0,0,0,0,0,0,0,1.833945,0,2.79204,0,-0.842773,0.255615,-0.468262,28.29,-8.35878,-2.27481,5
1479830004508,0,0,0,0,0,0,0,0,0,0,0,0,1.615285,0,2.87194,0,-0.849365,0.276611,-0.474365,28.2,-5.69466,-0.610687,5.1374
1479830004522,0,0,0,0,0,0,0,0,0,0,0,0,1.601535,0,2.75904,0,-0.846191,0.286133,-0.49292,28.2,-3.9771,0.167939,4.29008
1479830004536,0,0,0,0,0,0,0,0,0,0,0,0,1.709615,0,2.83853,0,-0.856689,0.308105,-0.48877,28.25,-4.42748,-0.862595,4.07634
1479830004550,0,0,0,0,0,0,0,0,0,0,0,0,1.695655,0,2.59973,0,-0.877686,0.312744,-0.49707,28.25,-4.31298,1.56489,2.67176
1479830004564,0,0,0,0,0,0,0,0,0,0,0,0,1.723615,0,2.49146,0,-0.873291,0.305176,-0.498535,28.2,-4.85496,1.39695,1.65649
1479830004578,0,0,0,0,0,0,0,0,0,0,0,0,1.737655,0,2.52312,0,-0.87085,0.310059,-0.503174,28.15,-4.64122,0.480916,0.503817
1479830004592,0,0,0,0,0,0,0,0,0,0,0,0,1.737655,0,2.41302,0,-0.883789,0.3125,-0.501221,28.11,-5.54198,-1.28244,0.221374
1479830004606,0,0,0,0,0,0,0,0,0,0,0,0,1.601535,0,2.29257,0,-0.872559,0.306641,-0.503418,28.2,-5.74046,-2.76336,0.633588
1479830004620,0,0,0,0,0,0,0,0,0,0,0,0,1.805465,0,2.23472,0,-0.87793,0.302734,-0.513428,28.2,-6.99237,-3.54962,0.89313
1479830004634,0,0,0,0,0,0,0,0,0,0,0,0,1.833945,0,2.2651,0,-0.864746,0.312256,-0.51001,28.25,-6.96183,-6.1145,0.709924
1479830004648,0,0,0,0,0,0,0,0,0,0,0,0,1.862565,0,2.21958,0,-0.860352,0.305908,-0.498047,28.2,-7.64885,-5.64122,0.564885
1479830004662,0,0,0,0,0,0,0,0,0,0,0,0,1.779945,0,2.18942,0,-0.854248,0.310547,-0.49707,28.2,-6.16031,-6.27481,0.465649
1479830004676,0,0,0,0,0,0,0,0,0,0,0,0,1.917305,0,2.18942,0,-0.868652,0.309814,-0.494873,28.25,-6.44275,-6.44275,0.221374
1479830004690,0,0,0,0,0,0,0,0,0,0,0,0,1.975465,0,2.14446,0,-0.89624,0.323975,-0.481445,28.29,-5.30534,-7.39695,-0.854962
1479830004704,0,0,0,0,0,0,0,0,0,0,0,0,2.105395,0,2.1744,0,-0.881836,0.314697,-0.474365,28.2,-7.59542,-12.7252,-1.45802
1479830004718,0,0,0,0,0,0,0,0,0,0,0,0,2.090495,0,2.14446,0,-0.859619,0.29541,-0.442139,28.15,-8.21374,-12.7557,-1.64122
1479830004732,0,0,0,0,0,0,0,0,0,0,0,0,2.162365,0,2.14446,0,-0.865479,0.283203,-0.448975,28.29,-6.25954,-11.0229,-1.61832
1479830004746,0,0,0,0,0,0,0,0,0,0,0,0,2.135315,0,2.14446,0,-0.865479,0.303467,-0.446045,28.2,-5.69466,-8.93893,-1.33588
1479830004760,0,0,0,0,0,0,0,0,0,0,0,0,2.177435,0,2.13252,0,-0.885498,0.296387,-0.450928,28.25,-4.46565,-9.89313,-0.51145
1479830004774,0,0,0,0,0,0,0,0,0,0,0,0,2.135315,0,2.1744,0,-0.873047,0.325928,-0.429688,28.25,-5.35878,-10.5954,-0.641221
1479830004788,0,0,0,0,0,0,0,0,0,0,0,0,2.373705,0,2.18942,0,-0.861572,0.306396,-0.428955,28.25,-7.16794,-9.50382,-1.22137
1479830004802,0,0,0,0,0,0,0,0,0,0,0,0,2.358145,0,2.14446,0,-0.855469,0.284668,-0.411865,28.15,-6.36641,-6.87786,-1.77863
1479830004816,0,0,0,0,0,0,0,0,0,0,0,0,2.404935,0,2.1744,0,-0.862061,0.282959,-0.401611,28.29,-7.33588,-5.54962,-1.50382
1479830004830,0,0,0,0,0,0,0,0,0,0,0,0,2.464685,0,2.21958,0,-0.894531,0.293457,-0.406006,28.2,-5.73282,-4.10687,-1.25954
1479830004844,0,0,0,0,0,0,0,0,0,0,0,0,2.528205,0,2.32324,0,-0.880371,0.296387,-0.413818,28.15,-6.9771,-2.92366,-1.87023
1479830004858,0,0,0,0,0,0,0,0,0,0,0,0,2.496365,0,2.32324,0,-0.877197,0.311523,-0.410156,28.2,-8.22901,-1.78626,-1.99237
1479830004872,0,0,0,0,0,0,0,0,0,0,0,0,2.512265,0,2.38502,0,-0.885986,0.302002,-0.410889,28.2,-9.55725,-1.56489,-2.22137
1479830004886,0,0,0,0,0,0,0,0,0,0,0,0,2.448905,0,2.38502,0,-0.884033,0.30957,-0.418213,28.29,-11.0611,-0.603053,-2.0458
1479830004900,0,0,0,0,0,0,0,0,0,0,0,0,2.420605,0,2.38502,0,-0.857178,0.29248,-0.418213,28.2,-9.73282,1.32824,-1.83969
1479830004914,0,0,0,0,0,0,0,0,0,0,0,0,2.448905,0,2.40056,0,-0.85498,0.285645,-0.405762,28.2,-8.09924,2.38931,-1.33588
1479830004928,0,0,0,0,0,0,0,0,0,0,0,0,2.528205,0,2.45997,0,-0.870361,0.285645,-0.429199,28.15,-7.64885,4.52672,-0.633588
1479830004942,0,0,0,0,0,0,0,0,0,0,0,0,2.512265,0,2.52312,0,-0.868408,0.290527,-0.437988,28.15,-7.75573,4.29771,0.923664
1479830004956,0,0,0,0,0,0,0,0,0,0,0,0,2.512265,0,2.539,0,-0.873779,0.299316,-0.438232,28.2,-6.17557,5.46565,1.15267
1479830004970,0,0,0,0,0,0,0,0,0,0,0,0,2.480505,0,2.6158,0,-0.874756,0.314941,-0.419189,28.25,-6.52672,4.21374,2.34351
1479830004984,0,0,0,0,0,0,0,0,0,0,0,0,2.589125,0,2.64808,0,-0.881836,0.318359,-0.430908,28.15,-7.64885,4.31298,3.35115
1479830004998,0,0,0,0,0,0,0,0,0,0,0,0,2.589125,0,2.6158,0,-0.866943,0.301025,-0.434326,28.11,-7.1374,4.74809,4.41221
1479830005012,0,0,0,0,0,0,0,0,0,0,0,0,2.621425,0,2.63192,0,-0.862793,0.304688,-0.433594,28.29,-5.45038,6.87786,4.96947
1479830005026,0,0.031395,0,0,0,0,0,0,0,0,0,0,2.702895,0,2.66428,0,-0.855469,0.293945,-0.430908,28.25,-4.64122,7.76336,5.21374
1479830005040,0,0.056466,0,0,0,0,0,0,0,0,0,0,2.716025,0,2.64808,0,-0.878174,0.323486,-0.447021,28.25,-4.0458,8.22137,5.71756
1479830005054,0,0.115267,0,0,0,0,0,0,0,0,0,0,2.716025,0,2.68052,0,-0.876709,0.322266,-0.456787,28.2,-5.9542,5.85496,5.87786
1479830005068,0,0.155967,0,0,0,0,0,0,0,0,0,0,2.782075,0,2.64808,0,-0.873047,0.33252,-0.444092,28.2,-6.89313,5.58779,6.21374
1479830005082,0,0.195789,0,0,0,0,0,0,0,0,0,0,2.798685,0,2.68052,0,-0.885742,0.307617,-0.42334,28.11,-3.50382,5.9542,8.38168
1479830005096,0,0.195789,0,0,0,0,0,0,0,0,0,0,2.815345,0,2.69354,0,-0.879639,0.316895,-0.459717,28.29,-0.648855,6.78626,9.45802
1479830005110,0,0.195789,0,0,0,0,0,0,0,0,0,0,2.765495,0,2.69354,0,-0.893799,0.318604,-0.464844,28.25,-1.35115,6.48855,9.57252
1479830005124,0,0.195789,0,0,0,0,0,0,0,0,0,0,2.815345,0,2.72621,0,-0.881592,0.322754,-0.468262,28.25,-1.52672,4.00763,10
1479830005138,0,0.216573,0,0,0,0,0,0,0,0,0,0,2.798685,0,2.79204,0,-0.893311,0.323242,-0.465332,28.11,-0.671756,1.60305,10.4733
1479830005152,0,0.216573,0,0,0,0,0,0,0,0,0,0,2.621425,0,2.75904,0,-0.875488,0.343506,-0.470947,28.11,-1.74046,0.0992366,10.1527
1479830005166,0,0.216573,0,0,0,0,0,0,0,0,0,0,2.732475,0,2.70985,0,-0.888672,0.326416,-0.467285,28.2,-0.541985,0.358779,9.35878
1479830005180,0,0.216573,0,0,0,0,0,0,0,0,0,0,2.464685,0,2.70985,0,-0.88208,0.32666,-0.467529,28.2,0.709924,0.801527,9.01527
1479830005194,0,0.230501,0,0,0,0,0,0,0,0,0,0,2.544175,0,2.7426,0,-0.881348,0.335938,-0.4646,28.25,-0.21374,0.732824,8.54198
1479830005208,0,0.230501,0,0,0,0,0,0,0,0,0,0,2.528205,0,2.7426,0,-0.897217,0.353271,-0.489746,28.11,-1.59542,-1.0687,7.37405
1479830005222,0,0.230501,0,0,0,0,0,0,0,0,0,0,2.560195,0,2.80861,0,-0.892822,0.348877,-0.467041,28.2,-3.15267,-3.22901,6.19084
1479830005236,0,0.243086,0,0,0,0,0,0,0,0,0,0,2.480505,0,2.7426,0,-0.884521,0.334229,-0.462891,28.25,-4.19847,-5.41985,5.83206
1479830005250,0,0.257124,0,0,0,0,0,0,0,0,0,0,2.433165,0,2.80861,0,-0.889648,0.317871,-0.460693,28.29,-5.57252,-7.58779,6
1479830005264,0,0.250098,0,0,0,0,0,0,0,0,0,0,2.284005,0,2.68052,0,-0.874512,0.330078,-0.45459,28.2,-5.50382,-7.70229,5.14504
1479830005278,0,0.250098,0,0,0,0,0,0,0,0,0,0,2.284005,0,2.63192,0,-0.861084,0.314209,-0.438965,28.15,-3.25191,-5.61069,4.9313
1479830005292,0,0.243086,0,0,0,0,0,0,0,0,0,0,2.207705,0,2.56769,0,-0.888184,0.325195,-0.446045,28.2,-0.145038,-5.03053,5.60305
1479830005306,0,0.216573,0,0,0,0,0,0,0,0,0,0,2.060795,0,2.56769,0,-0.9021,0.341309,-0.431152,28.29,-1.38931,-3.1374,6.12977
1479830005320,0,0.202702,0,0,0,0,0,0,0,0,0,0,2.120335,0,2.56769,0,-0.885742,0.348145,-0.445313,28.25,-3.38168,-5.96947,7.67939
1479830005334,0,0.202702,0,0,0,0,0,0,0,0,0,0,2.162365,0,2.42863,0,-0.859131,0.348877,-0.427734,28.29,-5.9084,-4.85496,8.75573
1479830005348,0,0.209631,0,0,0,0,0,0,0,0,0,0,2.135315,0,2.23472,0,-0.848877,0.338135,-0.41626,28.25,-2.68702,-2.50382,8.25191
1479830005362,0,0.175132,0,0,0,0,0,0,0,0,0,0,2.120335,0,2.13252,0,-0.861084,0.348877,-0.435059,28.2,-3.29771,0.80916,7.27481
1479830005376,0,0.169645,0,0,0,0,0,0,0,0,0,0,2.019455,0,2.01735,0,-0.862061,0.359863,-0.430176,28.15,-2.87786,2,7.19084
1479830005390,0,0.169645,0,0,0,0,0,0,0,0,0,0,1.990095,0,2.02906,0,-0.878906,0.35791,-0.436035,28.2,-10.1756,-0.610687,8.40458
1479830005404,0,0.169645,0,0,0,0,0,0,0,0,0,0,1.862565,0,1.87566,0,-0.884033,0.37207,-0.442139,28.25,-7.9313,0.847328,7.23664
1479830005418,0,0.169645,0,0,0,0,0,0,0,0,0,0,1.709615,0,1.77644,0,-0.884033,0.354004,-0.44458,28.2,-8.1145,1.84733,7.15267
1479830005432,0,0.188889,0,0,0,0,0,0,0,0,0,0,1.546865,0,1.80462,0,-0.852539,0.349854,-0.450684,28.2,-3.36641,7.60305,7.93893
1479830005446,0,0.182003,0,0,0,0,0,0,0,0,0,0,1.642875,0,1.73721,0,-0.830078,0.356201,-0.408691,28.15,-3.0687,13.1374,8.89313
1479830005460,0,0.188889,0,0,0,0,0,0,0,0,0,0,1.656715,0,1.68162,0,-0.800537,0.362793,-0.486816,28.29,-7.58779,13.5954,10.3588
1479830005474,0,0.155967,0,0,0,0,0,0,0,0,0,0,1.629065,0,1.58828,0,-0.881348,0.376709,-0.442139,28.2,-8.16794,7.01527,11.6718
1479830005488,0,0.149149,0,0,0,0,0,0,0,0,0,0,1.587825,0,1.65401,0,-0.856934,0.378174,-0.442139,28.15,-12.7328,7.35115,12.1756
1479830005502,0,0.149149,0,0,0,0,0,0,0,0,0,0,1.615285,0,1.60191,0,-0.882568,0.38501,-0.456055,28.29,-17.8626,6.40458,13.4046
1479830005516,0,0.128779,0,0,0,0,0,0,0,0,0,0,1.574135,0,1.4964,0,-0.728516,0.20459,-0.489258,28.2,0.618321,0.0305344,16.6947
1479830005530,0,0.128779,0,0,0,0,0,0,0,0,0,0,1.560485,0,1.50982,0,-0.905518,0.427002,-0.478027,28.25,-11.542,-0.312977,12.458
1479830005544,0,0.109878,0,0,0,0,0,0,0,0,0,0,1.508885,0,1.53406,0,-0.827148,0.415527,-0.48291,28.39,-12.1374,10.8397,11.7252
1479830005558,0,0.063095,0,0,0,0,0,0,0,0,0,0,1.404378,0,1.4964,0,-0.84668,0.411865,-0.439209,28.25,-6.81679,14.6031,12.916
1479830005572,0,0.069738,0,0,0,0,0,0,0,0,0,0,1.288672,0,1.54756,0,-0.874268,0.465088,-0.436523,28.15,-23.9008,7.16031,13.229
1479830005586,0,0.076394,0,0,0,0,0,0,0,0,0,0,1.275669,0,1.4964,0,-0.789063,0.42041,-0.541748,28.25,-24.6412,12.1374,11.8168
1479830005600,0,0.149149,0,0,0,0,0,0,0,0,0,0,1.262694,0,1.48301,0,-0.818115,0.413818,-0.483398,28.25,-24.6412,10.8168,9.38168
1479830005614,0,0.155967,0,0,0,0,0,0,0,0,0,0,1.223945,0,1.39275,0,-0.866943,0.38501,-0.50415,28.2,-8.06107,7.94656,10.9924
1479830005628,0,0.155967,0,0,0,0,0,0,0,0,0,0,1.262694,0,1.41651,0,-0.878906,0.408447,-0.506592,28.29,-13.8855,6.44275,13.145
1479830005642,0,0.063095,0,0,0,0,0,0,0,0,0,0,1.211087,0,1.42975,0,-0.83374,0.39624,-0.444336,28.2,-15.5649,3.47328,17.2061
1479830005656,0,0.069738,0,0,0,0,0,0,0,0,0,0,1.188014,0,1.3796,0,-0.779053,0.420898,-0.447021,28.25,-13.2443,2.27481,15.8473
1479830005670,0,0.135555,0,0,0,0,0,0,0,0,0,0,1.211087,0,1.25224,0,-0.831299,0.422607,-0.472656,28.34,-12.8702,6.35115,13.1527
1479830005684,0,0.149149,0,0,0,0,0,0,0,0,0,0,1.223945,0,1.26511,0,-0.814453,0.425781,-0.483154,28.2,-10.9389,6.60305,12.9313
1479830005698,0,0.149149,0,0,0,0,0,0,0,0,0,0,1.188014,0,1.25224,0,-0.803711,0.44873,-0.485352,28.25,-10.374,6.1145,11.3588
1479830005712,0,0.149149,0,0,0,0,0,0,0,0,0,0,1.124405,0,1.26511,0,-0.858887,0.45874,-0.48999,28.29,-14.8397,0.198473,9.31298
1479830005726,0,0.011738,0,0,0,0,0,0,0,0,0,0,1.162485,0,1.22659,0,-0.810059,0.4729,-0.491943,28.2,-13.8931,2.42748,7.82443
1479830005740,0,0.018277,0,0,0,0,0,0,0,0,0,0,1.198257,0,1.22659,0,-0.774658,0.463135,-0.473145,28.15,-13.6183,2.25191,7.18321
1479830005754,0,0.02483,0,0,0,0,0,0,0,0,0,0,1.198257,0,1.20106,0,-0.760254,0.40332,-0.468262,28.15,-13.2901,0.343511,6.43511
1479830005768,0,0.115267,0,0,0,0,0,0,0,0,0,0,1.236833,0,1.12766,0,-0.786377,0.438477,-0.468994,28.15,-10.0305,1.06107,7.67176
1479830005782,0,0.128779,0,0,0,0,0,0,0,0,0,0,1.236833,0,1.14025,0,-0.820068,0.436279,-0.489746,28.2,-13.771,3.48855,8.28244
1479830005796,0,0.135555,0,0,0,0,0,0,0,0,0,0,1.249749,0,1.17818,0,-0.810791,0.457764,-0.474609,28.15,-8.77863,2.82443,9.35878
1479830005810,0,0.182003,0,0,0,0,0,0,0,0,0,0,1.223945,0,1.20106,0,-0.822998,0.482422,-0.483398,28.2,-3.47328,-4.23664,9.09924
1479830005824,0,0.182003,0,0,0,0,0,0,0,0,0,0,1.198257,0,1.18834,0,-0.779053,0.43457,-0.492188,28.25,-7.14504,0.198473,11.0382
1479830005838,0,0.169645,0,0,0,0,0,0,0,0,0,0,1.162485,0,1.1151,0,-0.794434,0.443604,-0.489258,28.2,-8.46565,0.343511,11.8092
1479830005852,0,0.216573,0,0,0,0,0,0,0,0,0,0,1.111768,0,0.96896,0,-0.799805,0.463135,-0.479004,28.2,1.15267,4.47328,15.8855
1479830005866,0,0.22353,0,0,0,0,0,0,0,0,0,0,1.099159,0,0.840873,0,-0.83374,0.511719,-0.540771,28.15,-14.8702,-5.26718,7.9313
1479830005880,0,0.209631,0,0,0,0,0,0,0,0,0,0,1.086578,0,0.760238,0,-0.864746,0.501953,-0.47583,28.2,4.30534,-8.22137,5.31298
1479830005894,0,0.216573,0,0,0,0,0,0,0,0,0,0,1.086578,0,0.736746,0,-0.830566,0.489502,-0.472168,28.25,-11.0763,-10.2901,5.70229
1479830005908,0,0.22353,0,0,0,0,0,0,0,0,0,0,1.026573,0,0.793297,0,-0.803955,0.476563,-0.47168,28.2,-10.8855,-12.1908,4.29771
1479830005922,0,0.216573,0,0,0,0,0,0,0,0,0,0,1.051498,0,0.781468,0,-0.783691,0.470459,-0.463623,28.15,-12.374,-13.1527,3.0458
1479830005936,0,0.202702,0,0,0,0,0,0,0,0,0,0,0.967199,0,0.769663,0,-0.769287,0.44043,-0.490723,28.25,-12.1985,-12.084,1.83969
1479830005950,0,0.195789,0,0,0,0,0,0,0,0,0,0,0.977051,0,0.769663,0,-0.788818,0.462891,-0.462646,28.2,-5.65649,-9.06107,1.77863
1479830005964,0,0.182003,0,0,0,0,0,0,0,0,0,0,0.977051,0,0.725037,0,-0.80249,0.47168,-0.453125,28.25,-3.55725,-7.68702,1.34351
1479830005978,0,0.109878,0,0,0,0,0,0,0,0,0,0,0.881721,0,0.748479,0,-0.794434,0.470459,-0.428467,28.11,-1.80153,-9.82443,2.8855
1479830005992,0,0.109878,0,0,0,0,0,0,0,0,0,0,0.823854,0,0.748479,0,-0.769775,0.470703,-0.44165,28.2,-4.30534,-10.2824,3.21374
1479830006006,0,0.103154,0,0,0,0,0,0,0,0,0,0,0.754727,0,0.82894,0,-0.769043,0.463135,-0.442383,28.2,-1.29771,-9.61832,3.45038
1479830006020,0,0.103154,0,0,0,0,0,0,0,0,0,0,0.707553,0,0.840873,0,-0.783447,0.457764,-0.449463,28.15,-2.55725,-11.6641,3.80916
1479830006034,0,0.103154,0,0,0,0,0,0,0,0,0,0,0.754727,0,0.840873,0,-0.778076,0.451904,-0.43042,28.25,-2.28244,-8.1374,3.74046
1479830006048,0,0.096444,0,0,0,0,0,0,0,0,0,0,0.66311,0,0.781468,0,-0.793701,0.477051,-0.443848,28.2,-0.0305344,-6.73282,3.17557
1479830006062,0,0.103154,0,0,0,0,0,0,0,0,0,0,0.684117,0,0.805153,0,-0.807617,0.505127,-0.435059,28.25,-1.0229,-7.37405,1.84733
1479830006076,0,0.103154,0,0,0,0,0,0,0,0,0,0,0.672437,0,0.805153,0,-0.802002,0.501953,-0.431396,28.25,-4.12214,-9.06107,0.740458
1479830006090,0,0.109878,0,0,0,0,0,0,0,0,0,0,0.695823,0,0.82894,0,-0.794434,0.475098,-0.431396,28.2,-5.12977,-10.0305,-0.0992366
1479830006104,0,0.128779,0,0,0,0,0,0,0,0,0,0,0.616714,0,0.840873,0,-0.803955,0.47876,-0.423096,28.25,-8.0687,-11.0687,0.0992366
1479830006118,0,0.122016,0,0,0,0,0,0,0,0,0,0,0.593664,0,0.86481,0,-0.803467,0.463379,-0.419189,28.25,-7.99237,-13.1603,0.473282
1479830006132,0,0.128779,0,0,0,0,0,0,0,0,0,0,0.605177,0,0.87442,0,-0.7854,0.459473,-0.418213,28.2,-7.85496,-10.6794,1.14504
1479830006146,0,0.122016,0,0,0,0,0,0,0,0,0,0,0.5387383,0,1.03042,0,-0.79126,0.477539,-0.424805,28.2,-5.38931,-7.41221,0.870229
1479830006160,0,0.162799,0,0,0,0,0,0,0,0,0,0,0.550135,0,1.10256,0,-0.811035,0.501709,-0.429443,28.29,-5.51908,-6.80153,0.366412
1479830006174,0,0.169645,0,0,0,0,0,0,0,0,0,0,0.570711,0,1.1151,0,-0.819824,0.492676,-0.419434,28.2,-7.03053,-8.51145,-0.0916031
1479830006188,0,0.162799,0,0,0,0,0,0,0,0,0,0,0.639863,0,1.12766,0,-0.813232,0.474365,-0.413086,28.15,-8.43511,-8.68702,0.366412
1479830006202,0,0.142345,0,0,0,0,0,0,0,0,0,0,0.651474,0,1.10256,0,-0.824219,0.463867,-0.406494,28.34,-8.43511,-9.41985,1.61832
1479830006216,0,0.202702,0,0,0,0,0,0,0,0,0,0,0.695823,0,1.09006,0,-0.823242,0.470947,-0.41626,28.2,-9.0458,-7.8626,2.33588
1479830006230,0,0.202702,0,0,0,0,0,0,0,0,0,0,0.672437,0,1.09006,0,-0.825439,0.48584,-0.407227,28.15,-7.58779,-6.92366,1.83969
1479830006244,0,0.162799,0,0,0,0,0,0,0,0,0,0,0.651474,0,1.06762,0,-0.822998,0.482666,-0.405518,28.2,-6.67939,-5.34351,1.15267
1479830006258,0,0.162799,0,0,0,0,0,0,0,0,0,0,0.66311,0,1.07758,0,-0.813477,0.464111,-0.404541,28.2,-4.9313,-4.19847,0.832061
1479830006272,0,0.155967,0,0,0,0,0,0,0,0,0,0,0.570711,0,1.05519,0,-0.823975,0.479004,-0.41748,28.15,-5.12977,-2.8855,1.0458
1479830006286,0,0.135555,0,0,0,0,0,0,0,0,0,0,0.570711,0,1.04279,0,-0.827637,0.487061,-0.409912,28.34,-4.9084,-4.58015,1
1479830006300,0,0.103154,0,0,0,0,0,0,0,0,0,0,0.5273653,0,0.947,0,-0.840332,0.477051,-0.413086,28.15,-5.09924,-5.09924,1.15267
1479830006314,0,0,0,0,0,0,0,0,0,0,0,0,0.5046908,0,0.85283,0,-0.815674,0.441406,-0.39502,28.25,-3.63359,-4,3.36641
1479830006328,0,0,0,0,0,0,0,0,0,0,0,0,0.3949471,0,0.85283,0,-0.814941,0.440918,-0.400879,28.2,-2.01527,-2.28244,5.61069
1479830006342,0,0,0,0,0,0,0,0,0,0,0,0,0.45065825,0,0.840873,0,-0.808105,0.455322,-0.389648,28.29,-1.51908,-1.25954,6.35115
1479830006356,0,0,0,0,0,0,0,0,0,0,0,0,0.4283042,0,0.87442,0,-0.804443,0.4729,-0.40332,28.25,-1.25191,-1.83969,5.83969
1479830006370,0,0,0,0,0,0,0,0,0,0,0,0,0.3838743,0,0.86481,0,-0.828613,0.508301,-0.405518,28.2,-0.763359,-2.50382,4.77099
1479830006384,0,0,0,0,0,0,0,0,0,0,0,0,0.3838743,0,0.91059,0,-0.810791,0.499756,-0.406982,28.2,-2.60305,-3.70992,3.9084
1479830006398,0,0,0,0,0,0,0,0,0,0,0,0,0.3838743,0,0.95919,0,-0.81543,0.506348,-0.423828,28.25,-2.87023,-3.33588,2.65649
1479830006412,0,0,0,0,0,0,0,0,0,0,0,0,0.3838743,0,1.09006,0,-0.817627,0.51123,-0.419678,28.2,-4.27481,-4.75573,1.29771
1479830006426,0,0,0,0,0,0,0,0,0,0,0,0,0.3838743,0,1.10256,0,-0.819824,0.500488,-0.4104,28.2,-5.49618,-6.33588,0.160305
1479830006440,0,0,0,0,0,0,0,0,0,0,0,0,0.3838743,0,0.9812,0,-0.81958,0.504639,-0.401611,28.15,-4.50382,-7.1374,-0.541985
1479830006454,0,0,0,0,0,0,0,0,0,0,0,0,0.3728244,0,0.99346,0,-0.810059,0.492188,-0.400391,28.2,-4.39695,-6.38931,-0.129771
1479830006468,0,0,0,0,0,0,0,0,0,0,0,0,0.3640009,0,1.06762,0,-0.813477,0.494629,-0.396484,28.2,-4.70229,-5.73282,0.587786
1479830006482,0,0,0,0,0,0,0,0,0,0,0,0,0.224787,0,1.16551,0,-0.80957,0.527588,-0.411865,28.29,-6.29008,-8.54198,-0.183206
1479830006496,0,0,0,0,0,0,0,0,0,0,0,0,0.224787,0,1.34031,0,-0.791748,0.508789,-0.398438,28.2,-6.25954,-7.06107,-0.80916
1479830006510,0,0,0,0,0,0,0,0,0,0,0,0,0.235532,0,1.45631,0,-0.796143,0.501465,-0.37793,28.15,-5.75573,-6.59542,-1.05344
1479830006524,0,0,0,0,0,0,0,0,0,0,0,0,0.257088,0,1.48301,0,-0.794678,0.495117,-0.392578,28.2,-6.1374,-6.73282,-1.03817
1479830006538,0,0,0,0,0,0,0,0,0,0,0,0,0.246299,0,1.4964,0,-0.792236,0.501221,-0.395508,28.11,-5.06107,-5.25954,-1.25954
1479830006552,0,0,0,0,0,0,0,0,0,0,0,0,0.267899,0,1.52327,0,-0.802246,0.502441,-0.383057,28.2,-5.12214,-4.70229,-1.9313
1479830006566,0,0,0,0,0,0,0,0,0,0,0,0,0.257088,0,1.52327,0,-0.800537,0.491943,-0.397217,28.29,-5.16794,-3.25954,-1.78626
1479830006580,0,0,0,0,0,0,0,0,0,0,0,0,0.43946955,0,1.53406,0,-0.789063,0.493164,-0.38916,28.25,-4.55725,-2.01527,-1.41985
1479830006594,0,0,0,0,0,0,0,0,0,0,0,0,0.4283042,0,1.54756,0,-0.792725,0.498779,-0.404541,28.15,-4.67176,-1.40458,-1.1145
1479830006608,0,0,0,0,0,0,0,0,0,0,0,0,0.406043,0,1.5611,0,-0.798584,0.509033,-0.389404,28.15,-4.45038,-1.07634,-1.57252
1479830006622,0,0,0,0,0,0,0,0,0,0,0,0,0.406043,0,1.5611,0,-0.806885,0.504639,-0.405518,28.15,-3.67939,-0.145038,-2.41221
1479830006636,0,0,0,0,0,0,0,0,0,0,0,0,0.406043,0,1.4964,0,-0.803711,0.492676,-0.403564,28.2,-2.76336,0.267176,-1.14504
1479830006650,0,0,0,0,0,0,0,0,0,0,0,0,0.5273653,0,1.45631,0,-0.80957,0.48999,-0.408203,28.25,-1.38168,1.14504,-0.938931
1479830006664,0,0,0,0,0,0,0,0,0,0,0,0,0.561556,0,1.35338,0,-0.820801,0.49707,-0.413086,28.11,-0.816794,1.33588,-0.89313
1479830006678,0,0,0,0,0,0,0,0,0,0,0,0,0.4708569,0,1.31427,0,-0.823242,0.497314,-0.405273,28.2,-0.748092,-0.0839695,-1.00763
1479830006692,0,0,0,0,0,0,0,0,0,0,0,0,0.4933892,0,1.278,0,-0.834473,0.499756,-0.393555,28.15,-1.42748,-1.45802,-0.366412
1479830006706,0,0,0,0,0,0,0,0,0,0,0,0,0.593664,0,1.26511,0,-0.832764,0.490723,-0.402832,28.29,-2.80153,-2.44275,0.412214
1479830006720,0,0,0,0,0,0,0,0,0,0,0,0,0.639863,0,1.278,0,-0.830566,0.511475,-0.394287,28.15,-1.76336,-1.87023,0.603053
1479830006734,0,0,0,0,0,0,0,0,0,0,0,0,0.672437,0,1.278,0,-0.822266,0.507324,-0.383789,28.2,-1.9313,-2.16031,-0.0610687
1479830006748,0,0,0,0,0,0,0,0,0,0,0,0,0.66311,0,1.22659,0,-0.815918,0.492188,-0.393311,28.15,-2.48855,-2.79389,-0.816794
1479830006762,0,0,0,0,0,0,0,0,0,0,0,0,0.639863,0,1.2394,0,-0.817627,0.489258,-0.374023,28.2,-1.50382,-2.43511,-1.03817
1479830006776,0,0,0,0,0,0,0,0,0,0,0,0,0.66311,0,1.26511,0,-0.816162,0.48999,-0.395996,28.2,-0.549618,-1.48855,-1.32824
1479830006790,0,0,0,0,0,0,0,0,0,0,0,0,0.707553,0,1.25224,0,-0.821777,0.503662,-0.384766,28.29,-2.05344,-1.16794,-3.22901
1479830006804,0,0,0,0,0,0,0,0,0,0,0,0,0.66311,0,1.2394,0,-0.813232,0.47876,-0.388184,28.2,-2.77099,-0.687023,-2.73282
1479830006818,0,0,0,0,0,0,0,0,0,0,0,0,0.672437,0,1.20106,0,-0.819824,0.479736,-0.383301,28.25,-3.12977,-0.51145,-2.36641
1479830006832,0,0,0,0,0,0,0,0,0,0,0,0,0.66311,0,1.1151,0,-0.817383,0.468262,-0.382568,28.2,-2.98473,0.580153,-1.87023
1479830006846,0,0,0,0,0,0,0,0,0,0,0,0,0.66311,0,1.07758,0,-0.806641,0.469238,-0.363037,28.15,-2.29771,1.16031,-1.37405
1479830006860,0,0,0,0,0,0,0,0,0,0,0,0,0.672437,0,1.07758,0,-0.81958,0.466797,-0.383057,28.25,-2.32824,1.38931,-0.717557
1479830006874,0,0,0,0,0,0,0,0,0,0,0,0,0.672437,0,1.09006,0,-0.827393,0.496826,-0.381104,28.2,-1.53435,1.32061,-1.24427
1479830006888,0,0,0,0,0,0,0,0,0,0,0,0,0.651474,0,1.04279,0,-0.80835,0.490967,-0.378662,28.15,-3.46565,0.969466,-1.79389
1479830006902,0,0,0,0,0,0,0,0,0,0,0,0,0.639863,0,1.04279,0,-0.8125,0.493896,-0.384521,28.2,-3.77099,1.59542,-1.91603
1479830006916,0,0,0,0,0,0,0,0,0,0,0,0,0.593664,0,1.01807,0,-0.812256,0.493896,-0.399902,28.29,-4.68702,1.94656,-2.12214
1479830006930,0,0,0,0,0,0,0,0,0,0,0,0,0.605177,0,1.07758,0,-0.811035,0.489502,-0.387207,28.2,-4.56489,2.29771,-2.18321
1479830006944,0,0,0,0,0,0,0,0,0,0,0,0,0.616714,0,1.05519,0,-0.799316,0.481201,-0.395996,28.15,-4.10687,3.48855,-2.22901
1479830006958,0,0,0,0,0,0,0,0,0,0,0,0,0.582175,0,1.03042,0,-0.815918,0.484863,-0.388428,28.2,-6.1374,3.35115,-1.81679
1479830006972,0,0,0,0,0,0,0,0,0,0,0,0,0.570711,0,1.05519,0,-0.805176,0.483643,-0.385254,28.29,-5.39695,3.26718,-1.64885
1479830006986,0,0,0,0,0,0,0,0,0,0,0,0,0.4708569,0,0.99346,0,-0.817627,0.486572,-0.413086,28.25,-5.63359,2.66412,-1.83969
1479830007000,0,0,0,0,0,0,0,0,0,0,0,0,0.4618703,0,1.05519,0,-0.807129,0.492676,-0.400879,28.15,-6.38168,2.23664,-1.65649
1479830007014,0,0,0,0,0,0,0,0,0,0,0,0,0.4708569,0,0.9812,0,-0.808105,0.48877,-0.402832,28.2,-6.43511,1.9084,-1.62595
1479830007028,0,0,0,0,0,0,0,0,0,0,0,0,0.4708569,0,1.01807,0,-0.822998,0.493164,-0.410645,28.2,-5.55725,1.06107,-1.25954
1479830007042,0,0,0,0,0,0,0,0,0,0,0,0,0.4618703,0,1.01807,0,-0.821533,0.488525,-0.398926,28.25,-5.56489,0.412214,-1.19847
1479830007056,0,0,0,0,0,0,0,0,0,0,0,0,0.4618703,0,0.95919,0,-0.803711,0.481934,-0.408691,28.15,-5.38168,0.236641,-0.709924
1479830007070,0,0,0,0,0,0,0,0,0,0,0,0,0.4708569,0,0.96896,0,-0.798096,0.486328,-0.418945,28.25,-5.38168,0.519084,-0.580153
1479830007084,0,0,0,0,0,0,0,0,0,0,0,0,0.4821112,0,0.88645,0,-0.80957,0.495605,-0.412842,28.11,-4.58779,0.450382,-0.885496
1479830007098,0,0,0,0,0,0,0,0,0,0,0,0,0.4933892,0,0.840873,0,-0.808838,0.505859,-0.405029,28.11,-4.18321,1.08397,-1.28244
1479830007112,0,0.005212,0,0,0,0,0,0,0,0,0,0,0.5160161,0,0.781468,0,-0.820313,0.49292,-0.398438,28.2,-3.82443,0.618321,-1.46565
1479830007126,0,0.005212,0,0,0,0,0,0,0,0,0,0,0.5387383,0,0.690062,0,-0.799805,0.495605,-0.397705,28.2,-3.67939,0.59542,-1.43511
1479830007140,0,0.018277,0,0,0,0,0,0,0,0,0,0,0.5160161,0,0.713354,0,-0.804688,0.486572,-0.394043,28.2,-4.16794,-0.0381679,-1.54198
1479830007154,0,0.031395,0,0,0,0,0,0,0,0,0,0,0.4708569,0,0.748479,0,-0.803711,0.491943,-0.402588,28.25,-4.59542,0.519084,-1.61832
1479830007168,0,0.02483,0,0,0,0,0,0,0,0,0,0,0.43946955,0,0.760238,0,-0.817627,0.486816,-0.406494,28.25,-4.25954,1.03817,-1.64885
1479830007182,0,0.031395,0,0,0,0,0,0,0,0,0,0,0.5273653,0,0.769663,0,-0.823242,0.499268,-0.393799,28.34,-3.64122,0.664122,-1.98473
1479830007196,0,0.037974,0,0,0,0,0,0,0,0,0,0,0.550135,0,0.760238,0,-0.819092,0.488525,-0.402588,28.29,-3.80916,0,-2.10687
1479830007210,0,0.037974,0,0,0,0,0,0,0,0,0,0,0.550135,0,0.66687,0,-0.806152,0.491211,-0.4021,28.2,-3.74809,0.259542,-2.08397
1479830007224,0,0.044566,0,0,0,0,0,0,0,0,0,0,0.582175,0,0.690062,0,-0.811523,0.5,-0.415283,28.25,-3.74046,-0.145038,-2.68702
1479830007238,0,0.076394,0,0,0,0,0,0,0,0,0,0,0.651474,0,0.65762,0,-0.822754,0.502441,-0.394531,28.25,-3.54198,-1.09924,-3.47328
1479830007252,0,0.056466,0,0,0,0,0,0,0,0,0,0,0.66311,0,0.678454,0,-0.827637,0.510254,-0.399414,28.25,-3.52672,-2.47328,-4.32824
1479830007266,0,0.135555,0,0,0,0,0,0,0,0,0,0,0.73109,0,0.65762,0,-0.789063,0.493408,-0.401611,28.15,-5.09924,-3.74046,-4.46565
1479830007280,0,0.195789,0,0,0,0,0,0,0,0,0,0,0.707553,0,0.725037,0,-0.764648,0.516357,-0.409424,28.2,-4.96947,-3.38168,-5.25954
1479830007294,0,0.250098,0,0,0,0,0,0,0,0,0,0,0.776088,0,0.805153,0,-0.710449,0.541504,-0.414795,28.29,-4.1145,-4.21374,-7.44275
1479830007308,0,0.2712208,0,0,0,0,0,0,0,0,0,0,0.776088,0,0.93484,0,-0.672119,0.652832,-0.438721,28.29,1.09924,-2.45802,-14.9466
1479830007322,0,0.491453,0,0,0,0,0,0,0,0,0,0,0.930406,0,1.25224,0,-0.748047,0.759521,-0.504883,28.29,-1.54198,-18.374,-23.7786
1479830007336,0,0.491453,0,0,0,0,0,0,0,0,0,0,1.026573,0,1.34031,0,-0.700684,0.722412,-0.419678,28.25,-19.8473,-35.6107,-27.1679
1479830007350,0,0.665854,0,0,0,0,0,0,0,0,0,0,0.90601,0,1.34031,0,-0.589111,0.466553,-0.345703,28.25,-41.5878,-40.5649,-26.2748
1479830007364,0,0.955494,0,0,0,0,0,0,0,0,0,0,1.404378,0,1.42975,0,-0.589355,0.451904,-0.350342,28.29,-22.6031,14.2443,-27.687
1479830007378,0,1.049107,0,0,0,0,0,0,0,0,0,0,1.751715,0,1.57468,0,-0.85083,0.535889,-0.382813,28.15,-19.9542,17.145,-31.4504
1479830007392,0,1.206798,0,0,0,0,0.0260836,0,0,0,0,0,2.222885,0,1.70935,0,-0.790283,0.423096,-0.333252,28.25,-20.4733,27.3893,-29.4809
1479830007406,0,1.33323,0,0,0,0,0,0,0,0,0,0,2.637635,0,1.77644,0,-0.878662,0.377441,-0.359863,28.2,-16.1374,42.4427,-23.1832
1479830007420,0,1.483457,0,0,0,0,0.0126564,0,0,0,0,0,2.702895,0,1.95911,0,-0.973877,0.426758,-0.401611,28.2,-4.1145,50.4733,-14.3435
1479830007434,0,1.639547,0,0,0,0,0.0491601,0,0,0,0,0,2.782075,0,1.95911,0,-1.07056,0.424072,-0.436035,28.34,4.23664,57.7863,-7.9771
1479830007448,0,1.540787,0,0,0,0,0.058755,0,0,0,0,0,2.150325,0,1.9158,0,-1.04443,0.35498,-0.518799,28.29,28.1145,56.2519,9.9542
1479830007462,0,1.417267,0,0,0,0,0,0,0,0,0,0,1.891315,0,1.93021,0,-1.03052,0.334473,-0.49292,28.29,32.8931,49.6183,17.6565
1479830007476,0,1.250953,0,0,0,0,0,0,0,0,0,0,1.481915,0,2.04374,0,-1.04736,0.371582,-0.487305,28.15,37,35.5878,21.374
1479830007490,0,1.143298,0,0,0,0,0,0,0,0,0,0,0.967199,0,2.14446,0,-1.04565,0.406738,-0.487549,28.25,32.9618,18.7328,21.9466
1479830007504,0,0.955494,0,0,0,0,0,0,0,0,0,0,0.776088,0,2.21958,0,-1.03931,0.396973,-0.476074,28.29,27.855,2.0229,19.3359
1479830007518,0,0.673772,0,0,0,0,0,0,0,0,0,0,0.570711,0,2.1744,0,-1.03857,0.427246,-0.483154,28.15,20.3435,-11.2672,16.2519
1479830007532,0,0.236089,0,0,0,0,0,0,0,0,0,0,0,0.064812,2.02906,0,-1.01831,0.386719,-0.442383,28.25,10.7786,-30.5191,14.2443
1479830007546,0,0.089747,0,0,0,0,0,0,0,0,0,0,0,0.006601,1.94464,0,-0.932861,0.363037,-0.399658,28.15,6.66412,-37.5573,14.2443
1479830007560,0,0,0,0,0,0,0,0,0,0,0,0,0,0.014867,1.95911,0,-0.868896,0.325439,-0.38208,28.15,6.24427,-41.7252,14.5496
1479830007574,0,0,0,0,0,0,0,0,0,0,0,0,0,0,2.05844,0,-0.870117,0.365723,-0.365723,28.2,4.51908,-41.3511,12
1479830007588,0,0,0,0,0,0,0,0,0,0,0,0,0,0,2.02906,0,-0.812012,0.363525,-0.324707,28.25,1.35878,-38.5038,10.8473
1479830007602,0,0,0,0,0,0,0,0,0,0,0,0,0,0,2.00274,0,-0.871338,0.430908,-0.34375,28.25,-2.08397,-37.4962,5.94656
1479830007616,0,0,0,0,0,0,0,0,0,0,0,0,0.028863,0,1.95911,0,-0.878662,0.473633,-0.363525,28.29,-7.61069,-37.9924,2.16794
1479830007630,0,0,0,0,0,0,0,0,0,0,0,0,0.018536,0,1.90143,0,-0.82666,0.465088,-0.31543,28.15,-13.9771,-32.7863,-2.15267
1479830007644,0,0,0,0,0,0,0,0,0,0,0,0,0.235532,0,1.84714,0,-0.778809,0.436523,-0.306152,28.2,-17.9084,-26.8931,-3.79389
1479830007658,0,0,0,0,0,0,0,0,0,0,0,0,0.224787,0,1.81876,0,-0.703613,0.312012,-0.302002,28.2,-15.7786,-13.2672,-1.68702
1479830007672,0,0,0,0,0,0,0,0,0,0,0,0,0.320102,0,1.87566,0,-0.668945,0.281982,-0.290039,28.25,-10.4275,-1.17557,-0.259542
1479830007686,0,0,0,0,0,0,0,0,0,0,0,0,0.331043,0,1.9158,0,-0.662109,0.278564,-0.309326,28.29,-4.22901,6.8626,1.54962
1479830007700,0,0,0,0,0,0,0,0,0,0,0,0,0.331043,0,1.9158,0,-0.686035,0.323242,-0.32959,28.2,-1.16031,13.8244,3.0916
1479830007714,0,0,0,0,0,0,0,0,0,0,0,0,0.3529921,0,1.93021,0,-0.724609,0.403809,-0.356445,28.25,-2.37405,17.5191,3.38931
1479830007728,0,0,0,0,0,0,0,0,0,0,0,0,0.3420061,0,1.95911,0,-0.760986,0.451172,-0.379639,28.15,-5.66412,16.626,2.51145
1479830007742,0,0,0,0,0,0,0,0,0,0,0,0,0.331043,0,1.98816,0,-0.74707,0.460449,-0.411133,28.25,-10.7176,15.8244,2.12977
1479830007756,0,0,0,0,0,0,0,0,0,0,0,0,0.276564,0,1.88996,0,-0.746338,0.467285,-0.413818,28.25,-11.0611,17.0305,1.19847
1479830007770,0,0,0,0,0,0,0,0,0,0,0,0,0.267899,0,1.86138,0,-0.755127,0.45874,-0.438477,28.25,-9.38931,17.9847,-0.274809
1479830007784,0,0,0,0,0,0,0,0,0,0,0,0,0.267899,0,1.81876,0,-0.803467,0.484619,-0.470947,28.15,-3.89313,19.458,-0.458015
1479830007798,0,0,0,0,0,0,0,0,0,0,0,0,0,0,1.79052,0,-0.828369,0.497803,-0.478027,28.2,-3.62595,16.2443,0.419847
1479830007812,0,0,0,0,0,0,0,0,0,0,0,0,0,0,1.77644,0,-0.860352,0.503662,-0.473877,28.2,-4.74046,11.7786,1.8626
1479830007826,0,0,0,0,0,0,0,0,0,0,0,0,0,0,1.69547,0,-0.834229,0.502197,-0.465332,28.25,-3.36641,8.73282,4.09924
1479830007840,0,0,0,0,0,0,0,0,0,0,0,0,0,0,1.65401,0,-0.825684,0.515381,-0.470215,28.2,-4.46565,7.17557,5.66412
1479830007854,0,0,0,0,0,0,0,0,0,0,0,0,0,0,1.643,0,-0.802979,0.531738,-0.445313,28.25,-2.18321,5.65649,5.78626
1479830007868,0,0,0,0,0,0,0,0,0,0,0,0,0,0,1.62927,0,-0.814209,0.56665,-0.463623,28.15,-3.59542,2.60305,4.75573
1479830007882,0,0,0,0,0,0,0,0,0,0,0,0,0,0,1.6678,0,-0.834229,0.580322,-0.461182,28.11,-4.45802,-0.129771,3.08397
1479830007896,0,0,0,0,0,0,0,0,0,0,0,0,0,0,1.643,0,-0.832275,0.590088,-0.455322,28.39,-8.09924,-3.69466,2.08397
1479830007910,0,0,0,0,0,0,0,0,0,0,0,0,0,0,1.58828,0,-0.794434,0.548828,-0.453369,28.2,-8.94656,-2.94656,1.87023
1479830007924,0,0,0,0,0,0,0,0,0,0,0,0,0,0,1.5611,0,-0.785645,0.542725,-0.436768,28.2,-8.89313,-1.22901,1.32061
1479830007938,0,0,0,0,0,0,0,0,0,0,0,0,0,0,1.4964,0,-0.775635,0.541504,-0.429443,28.15,-7.0458,0.10687,1.51908
1479830007952,0,0,0,0,0,0,0,0,0,0,0,0,0,0,1.44301,0,-0.779053,0.553955,-0.437012,28.34,-6.35878,0.717557,2
1479830007966,0,0,0,0,0,0,0,0,0,0,0,0,0,0,1.45631,0,-0.793213,0.553955,-0.44043,28.15,-4.43511,2.45802,2.0229
1479830007980,0,0,0,0,0,0,0,0,0,0,0,0,0,0,1.42975,0,-0.772705,0.558594,-0.448242,28.2,-5.65649,2.37405,1.78626
1479830007994,0,0,0,0,0,0,0,0,0,0,0,0,0,0,1.3796,0,-0.754395,0.528564,-0.453369,28.29,-7.06107,3.15267,1.93893
1479830008008,0,0,0,0,0,0,0,0,0,0,0,0,0,0,1.32727,0,-0.762939,0.517822,-0.451172,28.2,-7.29008,4.01527,1.42748
1479830008022,0,0,0,0,0,0,0,0,0,0,0,0,0,0,1.32727,0,-0.785889,0.51001,-0.480957,28.25,-1.96183,5.78626,0.862595
1479830008036,0,0,0,0,0,0,0,0,0,0,0,0,0,0,1.36647,0,-0.781494,0.513184,-0.474365,28.2,-1.83969,4.70229,0.641221
1479830008050,0,0,0,0,0,0,0,0,0,0,0,0,0,0,1.3796,0,-0.77124,0.501953,-0.468506,28.15,-1.9313,3.32824,0.114504
1479830008064,0,0,0,0,0,0,0,0,0,0,0,0,0,0,1.31427,0,-0.784912,0.499023,-0.468506,28.25,-4.56489,1.62595,-0.0916031
1479830008078,0,0,0,0,0,0,0,0,0,0,0,0,0,0,1.31427,0,-0.788086,0.487793,-0.483398,28.25,-5.27481,0.51145,-0.0610687
1479830008092,0,0,0,0,0,0,0,0,0,0,0,0,0,0,1.26511,0,-0.791992,0.495117,-0.474609,28.2,-5.77099,-0.572519,-0.89313
1479830008106,0,0,0,0,0,0,0,0,0,0,0,0,0,0,1.26511,0,-0.779541,0.487793,-0.467773,28.2,-6.05344,-0.89313,-1.51908
1479830008120,0,0,0,0,0,0,0,0,0,0,0,0,0.257088,0,1.22659,0,-0.768311,0.476563,-0.468506,28.29,-5.48855,-0.625954,-2.39695
1479830008134,0,0,0,0,0,0,0,0,0,0,0,0,0.267899,0,1.22659,0,-0.77832,0.465332,-0.447998,28.25,-4.19847,-0.427481,-3.50382
1479830008148,0,0,0,0,0,0,0,0,0,0,0,0,0.257088,0,1.22659,0,-0.79126,0.452637,-0.455566,28.29,-3.81679,-0.48855,-3.54198
1479830008162,0,0,0,0,0,0,0,0,0,0,0,0,0.276564,0,1.26511,0,-0.793213,0.466797,-0.463379,28.29,-5.0687,-1.19084,-3.72519
1479830008176,0,0,0,0,0,0,0,0,0,0,0,0,0.276564,0,1.2394,0,-0.806396,0.476563,-0.449707,28.25,-4.98473,-1.55725,-3.91603
1479830008190,0,0,0,0,0,0,0,0,0,0,0,0,0.276564,0,1.22659,0,-0.81665,0.462402,-0.439941,28.25,-4.83206,-0.961832,-4.21374
1479830008204,0,0,0,0,0,0,0,0,0,0,0,0,0.298288,0,1.2394,0,-0.818359,0.462891,-0.44873,28.2,-4.61832,-0.923664,-4.37405
1479830008218,0,0,0,0,0,0,0,0,0,0,0,0,0.309184,0,1.22659,0,-0.812012,0.444092,-0.433594,28.15,-3.63359,-0.0992366,-3.37405
1479830008232,0,0,0,0,0,0,0,0,0,0,0,0,0.320102,0,1.2394,0,-0.818848,0.450439,-0.427979,28.15,-4.38931,0.160305,-3.33588
1479830008246,0,0,0,0,0,0,0,0,0,0,0,0,0.3420061,0,1.18834,0,-0.829102,0.461914,-0.436279,28.25,-4.59542,0.122137,-3.72519
1479830008260,0,0,0,0,0,0,0,0,0,0,0,0,0.3529921,0,1.18834,0,-0.835938,0.459229,-0.439941,28.29,-4.48855,-1.0687,-4.03053
1479830008274,0,0,0,0,0,0,0,0,0,0,0,0,0.3640009,0,1.12766,0,-0.829834,0.451904,-0.418213,28.15,-4.32824,-1.58779,-3.64885
1479830008288,0,0,0,0,0,0,0,0,0,0,0,0,0.3640009,0,1.12766,0,-0.837646,0.449219,-0.429932,28.25,-3.39695,-0.687023,-3.19084
1479830008302,0,0,0,0,0,0,0,0,0,0,0,0,0.3640009,0,1.1151,0,-0.841797,0.450684,-0.426025,28.11,-2.66412,-1.0458,-2.70229
1479830008316,0,0,0,0,0,0,0,0,0,0,0,0,0.3640009,0,1.14025,0,-0.834717,0.452637,-0.406982,28.2,-3.45038,-1.77099,-2.44275
1479830008330,0,0,0,0,0,0,0,0,0,0,0,0,0.3420061,0,1.07758,0,-0.822754,0.452393,-0.405029,28.15,-3.41221,-2.12214,-2.33588
1479830008344,0,0,0,0,0,0,0,0,0,0,0,0,0.3640009,0,1.07758,0,-0.824707,0.452148,-0.407715,28.25,-3.1145,-1.70992,-2.06107
1479830008358,0,0,0,0,0,0,0,0,0,0,0,0,0.3529921,0,1.05519,0,-0.837891,0.459961,-0.403564,28.2,-3.31298,-2.94656,-1.96183
1479830008372,0,0,0,0,0,0,0,0,0,0,0,0,0.3640009,0,1.04279,0,-0.816162,0.463379,-0.403564,28.2,-3.15267,-3.47328,-1.9542
1479830008386,0,0,0,0,0,0,0,0,0,0,0,0,0.3640009,0,1.05519,0,-0.821289,0.462891,-0.394287,28.25,-2.45038,-2.00763,-2.34351
1479830008400,0,0,0,0,0,0,0,0,0,0,0,0,0.3640009,0,1.05519,0,-0.829346,0.476318,-0.403076,28.15,-2.96183,-1.80916,-2.20611
1479830008414,0,0,0,0,0,0,0,0,0,0,0,0,0.3640009,0,1.06762,0,-0.833008,0.479004,-0.414795,28.29,-3.03053,-2.29771,-1.74809
1479830008428,0,0,0,0,0,0,0,0,0,0,0,0,0.3529921,0,1.05519,0,-0.81958,0.47998,-0.413574,28.2,-4.41221,-2.39695,-1.58779
1479830008442,0,0,0,0,0,0,0,0,0,0,0,0,0.3529921,0,1.03042,0,-0.821777,0.462891,-0.408447,28.15,-3.81679,-1.9084,-0.969466
1479830008456,0,0,0,0,0,0,0,0,0,0,0,0,0.3640009,0,1.00576,0,-0.822754,0.470215,-0.405029,28.25,-3.26718,-0.854962,-0.366412
1479830008470,0,0,0,0,0,0,0,0,0,0,0,0,0.3640009,0,1.00576,0,-0.828125,0.459961,-0.437988,28.2,-2.67939,1.25191,0.0305344
1479830008484,0,0,0,0,0,0,0,0,0,0,0,0,0.3640009,0,1.01807,0,-0.838135,0.474121,-0.415039,28.25,-2.75573,0.152672,0.366412
1479830008498,0,0,0,0,0,0,0,0,0,0,0,0,0.3640009,0,1.03042,0,-0.827637,0.465088,-0.420898,28.25,-1.19847,-0.572519,0.70229
1479830008512,0,0,0,0,0,0,0,0,0,0,0,0,0.3529921,0,1.00576,0,-0.822998,0.479736,-0.409668,28.2,-1.49618,1.12977,1
1479830008526,0,0,0,0,0,0,0,0,0,0,0,0,0.3529921,0,0.805153,0,-0.815918,0.47168,-0.428223,28.2,0.427481,1.58779,1
1479830008540,0,0,0,0,0,0,0,0,0,0,0,0,0.3529921,0,0.840873,0,-0.818848,0.4646,-0.418213,28.2,1,0.725191,0.572519
1479830008554,0,0,0,0,0,0,0,0,0,0,0,0,0.309184,0,0.817034,0,-0.817383,0.469238,-0.428223,28.25,0.679389,0.351145,0.0992366
1479830008568,0,0,0,0,0,0,0,0,0,0,0,0,0.320102,0,0.82894,0,-0.828857,0.488525,-0.454346,28.2,-0.396947,-0.954198,-1.36641
1479830008582,0,0,0,0,0,0,0,0,0,0,0,0,0.298288,0,0.89851,0,-0.825684,0.479248,-0.44873,28.25,-2.28244,-1.14504,-1.96183
1479830008596,0,0,0,0,0,0,0,0,0,0,0,0,0.309184,0,0.95919,0,-0.811768,0.476807,-0.440674,28.2,-2.70992,-1.69466,-2.9542
1479830008610,0,0,0,0,0,0,0,0,0,0,0,0,0.276564,0,0.95919,0,-0.820557,0.479004,-0.455322,28.2,-2.8855,-2.0229,-4.74046
1479830008624,0,0,0,0,0,0,0,0,0,0,0,0,0.246299,0,0.947,0,-0.830322,0.472412,-0.425293,28.2,-3.61069,-2.54962,-6.83969
1479830008638,0,0,0,0,0,0,0,0,0,0,0,0,0.246299,0,0.93484,0,-0.834961,0.448486,-0.442383,28.15,-4.55725,-4.9084,-7.92366
1479830008652,0,0,0,0,0,0,0,0,0,0,0,0,0.131172,0,0.9812,0,-0.842529,0.440186,-0.445068,28.15,-5,-7.12214,-8.9084
1479830008666,0,0,0,0,0,0,0,0,0,0,0,0,0,0,0.88645,0,-0.862549,0.43335,-0.446533,28.29,-1.78626,-10.9924,-9.22137
1479830008680,0,0,0,0,0,0,0,0,0,0,0,0,0,0,0.87442,0,-0.843506,0.448242,-0.442139,28.29,-3.16794,-11.4275,-8.66412
1479830008694,0,0,0,0,0,0,0,0,0,0,0,0,0,0,0.9812,0,-0.827148,0.4646,-0.420898,28.34,-1.8626,-11.5496,-9.81679
1479830008708,0,0,0,0,0,0,0,0,0,0,0,0,0,0,0.88645,0,-0.821777,0.480957,-0.416504,28.2,3.41221,-12.7481,-12.4962
1479830008722,0,0,0,0,0,0,0,0,0,0,0,0,0,0,0.9227,0,-0.83252,0.458496,-0.425537,28.15,3.8626,-11.8931,-13.6183
1479830008736,0,0,0,0,0,0,0,0,0,0,0,0,0,0,0.89851,0,-0.85498,0.440186,-0.429932,28.2,5.29771,-12.2366,-14.3282
1479830008750,0,0,0,0,0,0,0,0,0,0,0,0,0,0,0.82894,0,-0.878906,0.427246,-0.430908,28.29,6.72519,-14.2061,-15.1908
1479830008764,0,0,0,0,0,0,0,0,0,0,0,0,0,0,0.817034,0,-0.875488,0.439697,-0.431885,28.2,7.28244,-13.8779,-15.9542
1479830008778,0,0,0,0,0,0,0,0,0,0,0,0,0,0,0.769663,0,-0.898682,0.433594,-0.420898,28.34,7.55725,-12.0076,-15.3053
1479830008792,0,0,0,0,0,0,0,0,0,0,0,0,0,0,0.65762,0,-0.883789,0.445068,-0.415039,28.2,9.29771,-11.9084,-15.2137
1479830008806,0,0,0,0,0,0,0,0,0,0,0,0,0,0,0.646081,0,-0.881104,0.429932,-0.424805,28.2,11.9771,-10.5191,-15.4122
1479830008820,0,0,0,0,0,0,0,0,0,0,0,0,0,0,0.511744,0,-0.887451,0.397949,-0.42334,28.2,14.5954,-8.91603,-14.9771
1479830008834,0,0,0,0,0,0,0,0,0,0,0,0,0,0,0.402681,0,-0.882568,0.379395,-0.437744,28.2,14.3511,-7.41221,-13.0305
1479830008848,0,0,0,0,0,0,0,0,0,0,0,0,0,0,0.151041,0,-0.872803,0.377441,-0.439453,28.2,17.4809,-8.59542,-10.7863
1479830008862,0,0,0,0,0,0,0,0,0,0,0,0,0,0,0.059471,0,-0.889648,0.360107,-0.42041,28.2,22.5267,-8.96183,-8.26718
1479830008876,0,0,0,0,0,0,0,0,0,0,0,0,0,0,0,0,-0.870605,0.350586,-0.404785,28.25,26.916,-8.96947,-7.62595
1479830008890,0,0,0,0,0,0,0,0,0,0,0,0,0,0,0,0,-0.891357,0.342529,-0.393311,28.2,29.145,-3.63359,-7.87786
1479830008904,0,0,0,0,0,0,0,0,0,0,0,0,0,0,0,0,-0.891357,0.319336,-0.390625,28.29,30.6183,5.83969,-8.80916
1479830008918,0,0,0,0,0,0,0,0,0,0,0,0,0,0,0,0,-0.901855,0.326904,-0.378174,28.25,35.0305,11.0229,-10.7023
1479830008932,0,0,0,0,0,0,0,0,0,0,0,0,0,0,0,0,-0.903076,0.277588,-0.383301,28.29,37.9924,16.1221,-14.9084
1479830008946,0,0,0,0,0,0,0,0,0,0,0,0,0,0,0,0,-0.899658,0.269775,-0.339111,28.11,48.0611,23.2977,-16.0382
1479830008960,0,0,0,0,0,0,0,0,0,0,0,0,0,0,0,0,-0.891357,0.282959,-0.332031,28.15,51.6336,24.9542,-18.6336
1479830008974,0,0,0,0,0,0,0,0,0,0,0,0,0,0,0,0,-0.878662,0.313477,-0.366211,28.29,49.2519,20.8855,-20.3588
1479830008988,0,0,0,0,0,0,0,0,0,0,0,0,0,0,0,0,-0.835938,0.378418,-0.463379,28.25,45.313,14.0153,-21.3588
1479830009002,0,0,0,0,0,0,0,0,0,0,0,0,0,0,0,0,-0.765381,0.467529,-0.552979,28.29,35.1756,8.8626,-19.2595
1479830009016,0,0,0,0,0,0,0,0,0,0,0,0,0,0,0,0,-0.728271,0.490479,-0.587646,28.25,26.8321,0.862595,-12.0305
1479830009030,0,0,0,0,0,0,0,0,0,0,0,0,0,0,0,0,-0.71167,0.509521,-0.680176,28.2,14.6183,2.41985,-8.93893
1479830009044,0,0,0,0,0,0,0,0,0,0,0,0,0,0,0,0,-0.657959,0.391846,-0.749023,28.25,1.8626,9.65649,-2.51908
1479830009058,0,0,0,0,0,0,0,0,0,0,0,0,0,0,0,0,-0.683594,0.508301,-0.657959,28.2,-9.49618,11.542,4.17557
1479830009072,0,0,0,0,0,0,0,0,0,0,0,0,0,0,0,0,-0.781494,0.474365,-0.577881,28.25,-5.40458,-2.05344,-8.32824
1479830009086,0,0,0,0,0,0,0,0,0,0,0,0,0,0,0,0,-0.768311,0.391846,-0.607666,28.15,15.2366,-9.57252,-18.0763
1479830009100,0,0,0,0,0,0,0,0,0,0,0,0,0,0,0,0,-0.7771,0.384277,-0.530518,28.2,24.2824,-6.71756,-19.8626
1479830009114,0,0,0,0,0,0,0,0,0,0,0,0,0,0,0,0,-0.809082,0.442871,-0.466064,28.25,43.9008,-10.3588,-19.7176
1479830009128,0,0,0,0,0,0,0,0,0,0,0,0,0,0,0.119641,0,-0.842773,0.493896,-0.420166,28.25,48.0687,-14.374,-19.0992
1479830009142,0,0,0,0,0,0,0,0,0,0,0,0,0,0,0.140553,0,-0.854736,0.510986,-0.391846,28.2,37.2519,-15.5649,-17.5878
1479830009156,0,0,0,0,0,0,0,0,0,0,0,0,0,0,0.212292,0,-0.864258,0.472656,-0.353027,28.29,26.0229,-14.145,-16.9466
1479830009170,0,0,0,0,0,0,0,0,0,0,0,0,0,0,0.140553,0,-0.855957,0.411865,-0.330322,28.15,16.3206,-14.0153,-18.6947
1479830009184,0,0,0,0,0,0,0,0,0,0,0,0,0,0,0.088431,0,-0.830566,0.341553,-0.342041,28.25,10.7099,-14.2977,-19.6565
1479830009198,0,0,0,0,0,0,0,0,0,0,0,0,0,0,0,0,-0.832031,0.320313,-0.343262,28.29,4.18321,-12.542,-19.8244
1479830009212,0,0,0,0,0,0,0,0,0,0,0,0,0,0,0,0,-0.837646,0.272949,-0.365479,28.15,-1.98473,-11.5344,-20.4427
1479830009226,0,0,0,0,0,0,0,0,0,0,0,0,0,0,0,0,-0.837646,0.23999,-0.374512,28.25,-4.34351,-10.1985,-21.5191
1479830009240,0,0,0,0,0,0,0,0,0,0,0,0,0,0,0,0,-0.864014,0.23877,-0.375732,28.2,-4.9542,-8.0458,-22.4504
1479830009254,0,0,0,0,0,0,0,0,0,0,0,0,0,0,0,0,-0.89917,0.250977,-0.42749,28.15,-14.6489,-1.29008,-23.5344
1479830009268,0,0,0,0,0,0,0,0,0,0,0,0,0,0,0,0,-0.932129,0.243652,-0.462158,28.25,-19.4885,13.1221,-20.4122
1479830009282,0,0,0,0,0,0,0,0,0,0,0,0,0,0,0,0,-0.911621,0.214355,-0.498047,28.29,-12.916,15.2214,-18.0229
1479830009296,0,0,0,0,0,0,0,0,0,0,0,0,0,0,0,0,-0.880615,0.212646,-0.493164,28.15,-5.07634,16.9237,-15.5191
1479830009310,0,0,0,0,0,0,0,0,0,0,0,0,0,0,0,0,-0.848389,0.20459,-0.503174,28.2,-5.61069,17.9695,-12.7863
1479830009324,0,0,0,0,0,0,0,0,0,0,0,0,0,0,0,0,-0.834229,0.206055,-0.510986,28.2,-8.98473,17.9389,-11.7176
1479830009338,0,0,0,0,0,0,0,0,0,0,0,0,0,0,0,0,-0.832275,0.225342,-0.515381,28.25,-12.6489,16.6718,-11.9695
1479830009352,0,0,0,0,0,0,0,0,0,0,0,0,0,0,0,0,-0.848877,0.228027,-0.520264,28.25,-11.6489,12.0763,-13.5038
1479830009366,0,0,0,0,0,0,0,0,0,0,0,0,0,0,0,0,-0.868408,0.236816,-0.518311,28.29,-14.3893,11.6336,-13.542
1479830009380,0,0,0,0,0,0,0,0,0,0,0,0,0,0,0,0,-0.881836,0.241211,-0.519531,28.2,-12.2595,12.6947,-10.855
1479830009394,0,0,0,0,0,0,0,0,0,0,0,0,0,0,0,0,-0.898193,0.26123,-0.528809,28.2,-13.2137,13.2137,-7.35878
1479830009408,0,0,0,0,0,0,0,0,0,0,0,0,0,0,0,0,-0.89917,0.235596,-0.530762,28.29,-9.77099,14.0153,-6.29008
1479830009422,0,0,0,0,0,0,0,0,0,0,0,0,0,0,0,0,-0.878906,0.217285,-0.523682,28.25,-11.0687,16.3893,-6.22137
1479830009436,0,0,0,0,0,0,0,0,0,0,0,0,0,0,0,0,-0.883545,0.228271,-0.505859,28.29,-14.9618,16.3969,-7
1479830009450,0,0,0,0,0,0,0,0,0,0,0,0,0,0,0,0,-0.859863,0.203369,-0.530518,28.2,-17.4504,12.687,-9.87023
1479830009464,0,0,0,0,0,0,0,0,0,0,0,0,0,0,0,0,-0.853027,0.21582,-0.511719,28.34,-14.5115,10.2443,-10.1374
1479830009478,0,0,0,0,0,0,0,0,0,0,0,0,0,0,0,0,-0.850098,0.202148,-0.501465,28.2,-10.9008,8.48855,-10.5725
1479830009492,0,0,0,0,0,0,0,0,0,0,0,0,0,0,0,0,-0.841309,0.219238,-0.49707,28.25,-5.22137,7.80153,-10.8473
1479830009506,0,0,0,0,0,0,0,0,0,0,0,0,0,0,0,0,-0.830322,0.207275,-0.508301,28.2,-2.54198,9.69466,-10.1985
1479830009520,0,0,0,0,0,0,0,0,0,0,0,0,0,0,0,0,-0.848145,0.2229,-0.452148,28.29,1.29008,7.78626,-10.1832
1479830009534,0,0,0,0,0,0,0,0,0,0,0,0,0,0,0,0,-0.862549,0.222656,-0.481689,28.25,1.67176,11.1374,-9.80916
1479830009548,0,0,0,0,0,0,0,0,0,0,0,0,0,0,0,0,-0.881348,0.210693,-0.489746,28.2,4.14504,12.771,-7.03817
1479830009562,0,0,0,0,0,0,0,0,0,0,0,0,0,0,0,0,-0.893311,0.207031,-0.488525,28.2,6.80916,12.3282,-4.39695
1479830009576,0,0,0,0,0,0,0,0,0,0,0,0,0,0,0,0,-0.910889,0.204834,-0.515625,28.2,11.3282,10.4351,-3.01527
1479830009590,0,0,0,0,0,0,0,0,0,0,0,0,0,0,0,0,-0.918701,0.192627,-0.505615,28.25,14.5344,7.23664,-3.67939
1479830009604,0,0,0,0,0,0,0,0,0,0,0,0,0,0,0,0,-0.897217,0.188477,-0.550049,28.2,20.5954,5.10687,-4.8855
1479830009618,0,0,0,0,0,0,0,0,0,0,0,0,0,0,0,0,-0.881592,0.145752,-0.561035,28.25,29.7252,2.78626,-4.64122
1479830009632,0,0,0,0,0,0,0,0,0,0,0,0,0,0,0,0,-0.845459,0.146484,-0.583008,28.06,37.0458,3.38931,-4.00763
1479830009646,0,0,0,0,0,0,0,0,0,0,0,0,0,0,0,0,-0.822266,0.124023,-0.578369,28.2,41.7099,8.19084,-4.56489
1479830009660,0,0,0,0,0,0,0,0,0,0,0,0,0,0,0,0,-0.804199,0.0964355,-0.584717,28.2,46.7481,15.5802,-7.0229
