Time [ms], Elem0, Elem1, Elem2, Elem3, Elem4, Elem5, Elem6, Elem7, Elem8, Elem9, Elem10, Elem11, Elem12
746, -0.0253691, 14.4928, 16.9556, -0.0674873, -0.0253691, 14.4928, 16.9556, -0.0674873, -0.0253691, 14.4928, 16.9556, -0.0674873, -0.0253691
767, 14.4928, 16.9556, -0.0809848, -0.0253691, 14.4928, 16.9556, -0.0809848, -0.0253691, 14.4928, 16.9556, -0.0809848, -0.0253691, 14.4928
788, 16.9556, -0.0809848, -0.0253691, 14.4928, 16.9556, -0.0809848, -0.0253691, 14.4928, 16.9556, -0.0809848, -0.0253691, 14.4928, 16.9556
808, -0.0809848, -0.0253691, 14.4928, 16.9556, -0.0809848, -0.0283537, 14.4799, 16.9556, -0.0809848, -0.0283537, 14.4799, 16.9556, -0.0809848
829, -0.0283537, 14.4799, 16.9556, -0.0809848, -0.0283537, 14.4799, 16.9556, -0.0809848, -0.0283537, 14.4799, 16.9556, -0.0809848, -0.0283537
850, 14.4799, 16.9556, -0.0809848, -0.0283537, 14.4799, 16.9556, -0.0809848, -0.029846, 14.4713, 16.9587, -0.0809848, -0.029846, 14.4713
871, 16.9587, -0.0809848, -0.029846, 14.4713, 16.9587, -0.0809848, -0.029846, 14.4713, 16.9587, -0.0809848, -0.029846, 14.4713, 16.9587
892, -0.0944823, -0.029846, 14.4713, 16.9587, -0.0944823, -0.0303435, 14.467, 16.9649, -0.0944823, -0.0303435, 14.467, 16.9649, -0.0944823
913, -0.0303435, 14.467, 16.9649, -0.0944823, -0.0303435, 14.467, 16.9649, -0.0944823, -0.0303435, 14.467, 16.9649, -0.0944823, -0.0303435
955, 14.467, 16.9649, -0.0944823, -0.0303435, 14.467, 16.9649, -0.0944823, -0.0308409, 14.4627, 16.9649, -0.0944823, -0.0308409, 14.4627
976, 16.9649, -0.0944823, -0.0308409, 14.4627, 16.9649, -0.0944823, -0.0308409, 14.4627, 16.9649, -0.0944823, -0.0308409, 14.4627, 16.9649
997, -0.0944823, -0.0308409, 14.4627, 16.9649, -0.0944823, -0.0308409, 14.4627, 16.9649, -0.0944823, -0.0313383, 14.4605, 16.9556, -0.0944823
1018, -0.0313383, 14.4605, 16.9556, -0.0944823, -0.0313383, 14.4605, 16.9556, -0.0944823, -0.0313383, 14.4605, 16.9556, -0.0944823, -0.0313383
1038, 14.4605, 16.9556, -0.0944823, -0.0313383, 14.4605, 16.9556, -0.0944823, -0.0313383, 14.4605, 16.9556, -0.0944823, -0.0318358, 14.4627
1058, 16.9525, -0.0944823, -0.0318358, 14.4627, 16.9525, -0.0944823, -0.0318358, 14.4627, 16.9525, -0.0944823, -0.0318358, 14.4627, 16.9525
1078, -0.0944823, -0.0318358, 14.4627, 16.9525, -0.0944823, -0.0318358, 14.4627, 16.9525, -0.0944823, -0.0318358, 14.4627, 16.9525, -0.0944823
1099, -0.0318358, 14.4648, 16.9525, -0.0944823, -0.0318358, 14.4648, 16.9525, -0.0944823, -0.0318358, 14.4648, 16.9525, -0.0944823, -0.0318358
1120, 14.4648, 16.9525, -0.0944823, -0.0318358, 14.4648, 16.9525, -0.0944823, -0.0318358, 14.4648, 16.9525, -0.0944823, -0.0323332, 14.4648
1141, 16.9525, -0.0944823, -0.0323332, 14.4648, 16.9525, -0.0944823, -0.0323332, 14.4648, 16.9525, -0.0944823, -0.0323332, 14.4648, 16.9525
1162, -0.0944823, -0.0323332, 14.4648, 16.9525, -0.0944823, -0.0323332, 14.4648, 16.9525, -0.0944823, -0.0323332, 14.4648, 16.9525, -0.0944823
1183, -0.0313383, 14.4648, 16.9587, -0.0944823, -0.0313383, 14.4648, 16.9587, -0.0944823, -0.0313383, 14.4648, 16.9587, -0.0944823, -0.0313383
1204, 14.4648, 16.9587, -0.0944823, -0.0313383, 14.4648, 16.9587, -0.0944823, -0.0313383, 14.4648, 16.9587, -0.0944823, -0.0313383, 14.4648
1224, 16.9587, -0.0809848, -0.0303435, 14.4627, 16.9587, -0.0809848, -0.0303435, 14.4627, 16.9587, -0.0809848, -0.0303435, 14.4627, 16.9587
1245, -0.0809848, -0.0303435, 14.4627, 16.9587, -0.0809848, -0.0303435, 14.4627, 16.9587, -0.0809848, -0.0303435, 14.4627, 16.9587, -0.0809848
1265, -0.0303435, 14.4627, 16.9587, -0.0809848, -0.029846, 14.4605, 16.9649, -0.0809848, -0.029846, 14.4605, 16.9649, -0.0809848, -0.029846
1306, 14.4605, 16.9649, -0.0809848, -0.029846, 14.4605, 16.9649, -0.0809848, -0.029846, 14.4605, 16.9649, -0.0809848, -0.029846, 14.4605
1326, 16.9649, -0.0809848, -0.029846, 14.4605, 16.9649, -0.0809848, -0.029846, 14.4605, 16.968, -0.0809848, -0.029846, 14.4605, 16.968
1346, -0.0809848, -0.029846, 14.4605, 16.968, -0.0809848, -0.029846, 14.4605, 16.968, -0.0809848, -0.029846, 14.4605, 16.968, -0.0809848
1366, -0.029846, 14.4605, 16.968, -0.0809848, -0.0303435, 14.4605, 16.9711, -0.0809848, -0.0303435, 14.4605, 16.9711, -0.0809848, -0.0303435
1386, 14.4605, 16.9711, -0.0809848, -0.0303435, 14.4605, 16.9711, -0.0809848, -0.0303435, 14.4605, 16.9711, -0.0809848, -0.0303435, 14.4605
1406, 16.9711, -0.0809848, -0.0303435, 14.4605, 16.9711, -0.0809848, -0.0308409, 14.4605, 16.9618, -0.0809848, -0.0308409, 14.4605, 16.9618
1427, -0.0809848, -0.0308409, 14.4605, 16.9618, -0.0809848, -0.0308409, 14.4605, 16.9618, -0.0809848, -0.0308409, 14.4605, 16.9618, -0.0809848
1447, -0.0308409, 14.4605, 16.9618, -0.0809848, -0.0308409, 14.4605, 16.9618, -0.0809848, -0.0318358, 14.4605, 16.9587, -0.0809848, -0.0318358
1467, 14.4605, 16.9587, -0.0809848, -0.0318358, 14.4605, 16.9587, -0.0809848, -0.0318358, 14.4605, 16.9587, -0.0809848, -0.0318358, 14.4605
1487, 16.9587, -0.0809848, -0.0318358, 14.4605, 16.9587, -0.0809848, -0.0318358, 14.4605, 16.9587, -0.0809848, -0.0323332, 14.4605, 16.9587
1508, -0.0809848, -0.0323332, 14.4605, 16.9587, -0.0809848, -0.0323332, 14.4605, 16.9587, -0.0809848, -0.0323332, 14.4605, 16.9587, -0.0809848
1528, -0.0323332, 14.4605, 16.9587, -0.0809848, -0.0323332, 14.4605, 16.9587, -0.0809848, -0.0323332, 14.4605, 16.9587, -0.0809848, -0.0323332
1548, 14.4605, 16.9587, -0.0809848, -0.0323332, 14.4605, 16.9587, -0.0809848, -0.0323332, 14.4605, 16.9587, -0.0809848, -0.0323332, 14.4605
1569, 16.9587, -0.0809848, -0.0323332, 14.4605, 16.9587, -0.0809848, -0.0323332, 14.4605, 16.9587, -0.0809848, -0.0323332, 14.4605, 16.9587
1589, -0.0809848, -0.0328306, 14.4605, 16.9556, -0.0809848, -0.0328306, 14.4605, 16.9556, -0.0809848, -0.0328306, 14.4605, 16.9556, -0.0809848
1609, -0.0328306, 14.4605, 16.9556, -0.0809848, -0.0328306, 14.4605, 16.9556, -0.0809848, -0.0328306, 14.4605, 16.9556, -0.0809848, -0.0328306
1651, 14.4605, 16.9525, -0.0809848, -0.0328306, 14.4605, 16.9525, -0.0809848, -0.0328306, 14.4605, 16.9525, -0.0809848, -0.0328306, 14.4605
1672, 16.9525, -0.0809848, -0.0328306, 14.4605, 16.9525, -0.0809848, -0.0328306, 14.4605, 16.9525, -0.0809848, -0.0328306, 14.4605, 16.9525
1693, -0.0809848, -0.0328306, 14.4605, 16.9525, -0.0809848, -0.0328306, 14.4605, 16.9525, -0.0809848, -0.0328306, 14.4605, 16.9525, -0.0809848
1714, -0.0328306, 14.4605, 16.9525, -0.0809848, -0.0328306, 14.4605, 16.9525, -0.0809848, -0.0328306, 14.4605, 16.9525, -0.0809848, -0.0328306
1735, 14.4605, 16.9525, -0.0809848, -0.0328306, 14.4605, 16.9556, -0.0809848, -0.0328306, 14.4605, 16.9556, -0.0809848, -0.0328306, 14.4605
1756, 16.9556, -0.0809848, -0.0328306, 14.4605, 16.9556, -0.0809848, -0.0328306, 14.4605, 16.9556, -0.0809848, -0.0328306, 14.4605, 16.9556
1777, -0.0809848, -0.0328306, 14.4605, 16.9556, -0.0809848, -0.0328306, 14.4648, 16.9587, -0.0809848, -0.0328306, 14.4648, 16.9587, -0.0809848
1798, -0.0328306, 14.4648, 16.9587, -0.0809848, -0.0328306, 14.4648, 16.9587, -0.0809848, -0.0328306, 14.4648, 16.9587, -0.0809848, -0.0328306
1819, 14.4648, 16.9587, -0.0809848, -0.0328306, 14.4648, 16.9587, -0.0809848, -0.0328306, 14.467, 16.9587, -0.0809848, -0.0328306, 14.467
1839, 16.9587, -0.0809848, -0.0328306, 14.467, 16.9587, -0.0809848, -0.0328306, 14.467, 16.9587, -0.0809848, -0.0328306, 14.467, 16.9587
1859, -0.0809848, -0.0328306, 14.467, 16.9587, -0.0809848, -0.0328306, 14.4648, 16.9587, -0.0809848, -0.0328306, 14.4648, 16.9587, -0.0809848
1879, -0.0328306, 14.4648, 16.9587, -0.0809848, -0.0328306, 14.4648, 16.9587, -0.0809848, -0.0328306, 14.4648, 16.9587, -0.0809848, -0.0328306
1900, 14.4648, 16.9587, -0.0809848, -0.0328306, 14.4648, 16.9587, -0.0809848, -0.0328306, 14.4627, 16.9587, -0.0809848, -0.0328306, 14.4627
1920, 16.9587, -0.0809848, -0.0328306, 14.4627, 16.9587, -0.0809848, -0.0328306, 14.4627, 16.9587, -0.0809848, -0.0328306, 14.4627, 16.9587
1941, -0.0809848, -0.0328306, 14.4627, 16.9587, -0.0809848, -0.0328306, 14.4627, 16.9587, -0.0809848, -0.0323332, 14.4627, 16.9742, -0.0809848
1961, -0.0323332, 14.4627, 16.9742, -0.0809848, -0.0323332, 14.4627, 16.9742, -0.0809848, -0.0323332, 14.4627, 16.9742, -0.0809848, -0.0323332
1982, 14.4627, 16.9742, -0.0809848, -0.0323332, 14.4627, 16.9742, -0.0809848, -0.0323332, 14.4627, 16.9742, -0.0809848, -0.0323332, 14.4648
2022, 16.9804, -0.0809848, -0.0323332, 14.4648, 16.9804, -0.0809848, -0.0323332, 14.4648, 16.9804, -0.0809848, -0.0323332, 14.4648, 16.9804
2042, -0.0809848, -0.0323332, 14.4648, 16.9804, -0.0809848, -0.0323332, 14.4648, 16.9804, -0.0809848, -0.0323332, 14.4648, 16.9804, -0.0809848
2062, -0.0328306, 14.4627, 16.968, -0.0809848, -0.0328306, 14.4627, 16.968, -0.0809848, -0.0328306, 14.4627, 16.968, -0.0809848, -0.0328306
2082, 14.4627, 16.968, -0.0809848, -0.0328306, 14.4627, 16.968, -0.0809848, -0.0328306, 14.4627, 16.968, -0.0809848, -0.0333281, 14.4627
2102, 16.9618, -0.0809848, -0.0333281, 14.4627, 16.9618, -0.0809848, -0.0333281, 14.4627, 16.9618, -0.0809848, -0.0333281, 14.4627, 16.9618
2122, -0.0809848, -0.0333281, 14.4627, 16.9618, -0.0809848, -0.0333281, 14.4627, 16.9618, -0.0809848, -0.0333281, 14.4627, 16.9618, -0.0809848
2142, -0.0333281, 14.4627, 16.9587, -0.0944823, -0.0333281, 14.4627, 16.9587, -0.0944823, -0.0333281, 14.4627, 16.9587, -0.0944823, -0.0333281
2162, 14.4627, 16.9587, -0.0944823, -0.0333281, 14.4627, 16.9587, -0.0944823, -0.0333281, 14.4627, 16.9587, -0.0944823, -0.0333281, 14.4627
2182, 16.9587, -0.0944823, -0.0333281, 14.4627, 16.9525, -0.0944823, -0.0333281, 14.4627, 16.9525, -0.0944823, -0.0333281, 14.4627, 16.9525
2203, -0.0944823, -0.0333281, 14.4627, 16.9525, -0.0944823, -0.0333281, 14.4627, 16.9525, -0.0944823, -0.0333281, 14.4627, 16.9525, -0.0944823
2224, -0.0333281, 14.4627, 16.9525, -0.0944823, -0.0333281, 14.4605, 16.9525, -0.0944823, -0.0333281, 14.4605, 16.9525, -0.0944823, -0.0333281
2245, 14.4605, 16.9525, -0.0944823, -0.0333281, 14.4605, 16.9525, -0.0944823, -0.0333281, 14.4605, 16.9525, -0.0944823, -0.0333281, 14.4605
2266, 16.9525, -0.0944823, -0.0333281, 14.4605, 16.9525, -0.0944823, -0.0333281, 14.4605, 16.9525, -0.0944823, -0.0333281, 14.4605, 16.9525
2287, -0.0944823, -0.0333281, 14.4605, 16.9525, -0.0944823, -0.0333281, 14.4605, 16.9525, -0.0944823, -0.0333281, 14.4605, 16.9525, -0.0944823
2308, -0.0333281, 14.4605, 16.9525, -0.0944823, -0.0333281, 14.4605, 16.9525, -0.0944823, -0.0333281, 14.4605, 16.9525, -0.0944823, -0.0333281
2329, 14.4605, 16.9525, -0.0944823, -0.0333281, 14.4605, 16.9525, -0.0944823, -0.0333281, 14.4605, 16.9525, -0.0944823, -0.0333281, 14.4605
2369, 16.9525, -0.0944823, -0.0333281, 14.4605, 16.9525, -0.0944823, -0.0323332, 14.4605, 16.9618, -0.0944823, -0.0323332, 14.4605, 16.9618
2389, -0.0944823, -0.0323332, 14.4605, 16.9618, -0.0944823, -0.0323332, 14.4605, 16.9618, -0.0944823, -0.0323332, 14.4605, 16.9618, -0.0944823
2409, -0.0323332, 14.4605, 16.9618, -0.0944823, -0.0323332, 14.4605, 16.9618, -0.0944823, -0.0318358, 14.4605, 16.9587, -0.0944823, -0.0318358
2430, 14.4605, 16.9587, -0.0944823, -0.0318358, 14.4605, 16.9587, -0.0944823, -0.0318358, 14.4605, 16.9587, -0.0944823, -0.0318358, 14.4605
2451, 16.9587, -0.0944823, -0.0318358, 14.4605, 16.9587, -0.0944823, -0.0318358, 14.4605, 16.9587, -0.0944823, -0.0318358, 14.4605, 16.9587
2472, -0.0944823, -0.0318358, 14.4605, 16.9587, -0.0944823, -0.0318358, 14.4605, 16.9587, -0.0944823, -0.0318358, 14.4605, 16.9587, -0.0944823
2493, -0.0318358, 14.4605, 16.9587, -0.0944823, -0.0318358, 14.4605, 16.9587, -0.0944823, -0.0318358, 14.4605, 16.9587, -0.0944823, -0.0323332
2513, 14.4605, 16.9587, -0.0944823, -0.0323332, 14.4605, 16.9587, -0.0944823, -0.0323332, 14.4605, 16.9587, -0.0944823, -0.0323332, 14.4605
2533, 16.9587, -0.0944823, -0.0323332, 14.4605, 16.9587, -0.0944823, -0.0323332, 14.4605, 16.9587, -0.0944823, -0.0323332, 14.4605, 16.9587
2554, -0.0944823, -0.0328306, 14.4605, 16.9587, -0.0944823, -0.0328306, 14.4605, 16.9587, -0.0944823, -0.0328306, 14.4605, 16.9587, -0.0944823
2574, -0.0328306, 14.4605, 16.9587, -0.0944823, -0.0328306, 14.4605, 16.9587, -0.0944823, -0.0328306, 14.4605, 16.9587, -0.0944823, -0.0328306
2595, 14.4605, 16.9587, -0.0944823, -0.0328306, 14.4605, 16.9587, -0.0944823, -0.0328306, 14.4605, 16.9587, -0.0944823, -0.0328306, 14.4605
2616, 16.9587, -0.0944823, -0.0328306, 14.4605, 16.9587, -0.0944823, -0.0328306, 14.4605, 16.9587, -0.0944823, -0.0328306, 14.4605, 16.9587
2637, -0.0944823, -0.0328306, 14.4605, 16.9587, -0.0944823, -0.0328306, 14.4605, 16.9587, -0.0944823, -0.0328306, 14.4605, 16.9587, -0.0944823
2658, -0.0328306, 14.4605, 16.9587, -0.0944823, -0.0328306, 14.4605, 16.9587, -0.0944823, -0.0328306, 14.4605, 16.9587, -0.0944823, -0.0328306
2678, 14.4605, 16.9587, -0.0944823, -0.0328306, 14.4605, 16.9587, -0.0944823, -0.0328306, 14.4605, 16.9587, -0.0944823, -0.0328306, 14.4605
2720, 16.9587, -0.0944823, -0.0328306, 14.4605, 16.9587, -0.0944823, -0.0328306, 14.4605, 16.9587, -0.0944823, -0.0328306, 14.4605, 16.9587
2741, -0.0944823, -0.0328306, 14.4605, 16.9587, -0.0809848, -0.0318358, 14.4605, 16.9587, -0.0809848, -0.0318358, 14.4605, 16.9587, -0.0809848
2762, -0.0318358, 14.4605, 16.9587, -0.0809848, -0.0318358, 14.4605, 16.9587, -0.0809848, -0.0318358, 14.4605, 16.9587, -0.0809848, -0.0318358
2783, 14.4605, 16.9587, -0.0809848, -0.0318358, 14.4605, 16.9587, -0.0809848, -0.0313383, 14.4605, 16.9618, -0.0809848, -0.0313383, 14.4605
2804, 16.9618, -0.0809848, -0.0313383, 14.4605, 16.9618, -0.0809848, -0.0313383, 14.4605, 16.9618, -0.0809848, -0.0313383, 14.4605, 16.9618
2825, -0.0809848, -0.0313383, 14.4605, 16.9618, -0.0809848, -0.0308409, 14.4605, 16.9618, -0.0809848, -0.0308409, 14.4605, 16.9618, -0.0809848
2846, -0.0308409, 14.4605, 16.9618, -0.0809848, -0.0308409, 14.4605, 16.9618, -0.0809848, -0.0308409, 14.4605, 16.9618, -0.0809848, -0.0308409
2866, 14.4605, 16.9618, -0.0809848, -0.0308409, 14.4605, 16.9618, -0.0809848, -0.0313383, 14.4605, 16.9618, -0.0809848, -0.0313383, 14.4605
2886, 16.9618, -0.0809848, -0.0313383, 14.4605, 16.9618, -0.0809848, -0.0313383, 14.4605, 16.9618, -0.0809848, -0.0313383, 14.4605, 16.9618
2906, -0.0809848, -0.0313383, 14.4605, 16.9618, -0.0809848, -0.0313383, 14.4605, 16.9618, -0.0809848, -0.0313383, 14.4605, 16.9618, -0.0809848
2927, -0.0313383, 14.4605, 16.9618, -0.0809848, -0.0313383, 14.4605, 16.9618, -0.0809848, -0.0313383, 14.4605, 16.9618, -0.0809848, 0
2947, 0, 0, 0, 0, 0, 0, 0, 0, 0, 0, 0, 0, 0
2967, 0, 0, 0, 0, 0, 0, 0, 0, 0, 0, 0, 0, 0
2988, 0, 0, 0, 0, 0, 0, 0, 0, 0, 0, 0, 0, 0
3009, 0, 0, 0, 0, 0, 0, 0, 0, 0, 0, 0, 0, 0
3030, 0, 0, 0, 0, 0, 0, 0, 0, 0, 0, 0, 0, 0
3051, 0, 0, 0, 0, 0, 0, 0, 0, 0, 0, 0, 0, 0
3093, 0, 0, 0, 0, 0, 0, 0, 0, 0, 0, 0, 0, 0
3114, 0, 0, 0, 0, 0, 0, 0, 0, 0, 0, 0, 0, 0
3134, 0, 0, 0, 0, 0, 0, 0, 0, 0, 0, 0, 0, 0
3154, 0, 0, 0, 0, 0, 0, 0, 0, 0, 0, 0, 0, 0
3174, 0, 0, 0, 0, 0, 0, 0, 0, 0, 0, 0, 0, 0
3194, 0, 0, 0, 0, 0, 0, 0, 0, 0, 0, 0, 0, 0
3214, 0, 0, 0, 0, 0, 0, 0, 0, 0, 0, 0, 0, 0
3235, 0, 0, 0, 0, 0, 0, 0, 0, 0, 0, 0, 0, 0
3255, 0, 0, 0, 0, 0, 0, 0, 0, 0, 0, 0, 0, 0
3276, 0, 0, 0, 0, 0, 0, 0, 0, 0, 0, 0, 0, 0
3297, 0, 0, 0, 0, 0, 0, 0, 0, 0, 0, 0, 0, 0
3318, 0, 0, 0, 0, 0, 0, 0, 0, 0, 0, 0, 0, 0
3339, 0, 0, 0, 0, 0, 0, 0, 0, 0, 0, 0, 0, 0
3360, 0, 0, 0, 0, 0, 0, 0, 0, 0, 0, 0, 0, 0
3381, 0, 0, 0, 0, 0, 0, 0, 0, 0, 0, 0, 0, 0
3402, 0, 0, 0, 0, 0, 0, 0, 0, 0, 0, 0, 0, 0
3442, 0, 0, 0, 0, 0, 0, 0, 0, 0, 0, 0, 0, 0
3462, 0, 0, 0, 0, 0, 0, 0, 0, 0, 0, 0, 0, 0
3482, 0, 0, 0, 0, 0, 0, 0, 0, 0, 0, 0, 0, 0
3502, 0, 0, 0, 0, 0, 0, 0, 0, 0, 0, 0, 0, 0
3522, 0, 0, 0, 0, 0, 0, 0, 0, 0, 0, 0, 0, 0
3542, 0, 0, 0, 0, 0, 0, 0, 0, 0, 0, 0, 0, 0
3562, 0, 0, 0, 0, 0, 0, 0, 0, 0, 0, 0, 0, 0
3582, 0, 0, 0, 0, 0, 0, 0, 0, 0, 0, 0, 0, 0
3603, 0, 0, 0, 0, 0, 0, 0, 0, 0, 0, 0, 0, 0
3623, 0, 0, 0, 0, 0, 0, 0, 0, 0, 0, 0, 0, 0
3643, 0, 0, 0, 0, 0, 0, 0, 0, 0, 0, 0, 0, 0
3663, 0, 0, 0, 0, 0, 0, 0, 0, 0, 0, 0, 0, 0
3683, 0, 0, 0, 0, 0, 0, 0, 0, 0, 0, 0, 0, 0
3703, 0, 0, 0, 0, 0, 0, 0, 0, 0, 0, 0, 0, 0
3723, 0, 0, 0, 0, 0, 0, 0, 0, 0, 0, 0, 0, 0
3744, 0, 0, 0, 0, 0, 0, 0, 0, 0, 0, 0, 0, 0
3785, 0, 0, 0, 0, 0, 0, 0, 0, 0, 0, 0, 0, 0
3806, 0, 0, 0, 0, 0, 0, 0, 0, 0, 0, 0, 0, 0
3827, 0, 0, 0, 0, 0, 0, 0, 0, 0, 0, 0, 0, 0
3848, 0, 0, 0, 0, 0, 0, 0, 0, 0, 0, 0, 0, 0
3869, 0, 0, 0, 0, 0, 0, 0, 0, 0, 0, 0, 0, 0
3890, 0, 0, 0, 0, 0, 0, 0, 0, 0, 0, 0, 0, 0
3911, 0, 0, 0, 0, 0, 0, 0, 0, 0, 0, 0, 0, 0
3932, 0, 0, 0, 0, 0, 0, 0, 0, 0, 0, 0, 0, 0
3953, 0, 0, 0, 0, 0, 0, 0, 0, 0, 0, 0, 0, 0
3973, 0, 0, 0, 0, 0, 0, 0, 0, 0, 0, 0, 0, 0
3993, 0, 0, 0, 0, 0, 0, 0, 0, 0, 0, 0, 0, 0
4013, 0, 0, 0, 0, 0, 0, 0, 0, 0, 0, 0, 0, 0
4033, 0, 0, 0, 0, 0, 0, 0, 0, 0, 0, 0, 0, 0
4053, 0, 0, 0, 0, 0, 0, 0, 0, 0, 0, 0, 0, 0
4073, 0, 0, 0, 0, 0, 0, 0, 0, 0, 0, 0, 0, 0
4093, 0, 0, 0, 0, 0, 0, 0, 0, 0, 0, 0, 0, 0
4113, 0, 0, 0, 0, 0, 0, 0, 0, 0, 0, 0, 0, 0
4153, 0, 0, 0, 0, 0, 0, 0, 0, 0, 0, 0, 0, 0
4173, 0, 0, 0, 0, 0, 0, 0, 0, 0, 0, 0, 0, 0
4193, 0, 0, 0, 0, 0, 0, 0, 0, 0, 0, 0, 0, 0
4213, 0, 0, 0, 0, 0, 0, 0, 0, 0, 0, 0, 0, 0
4233, 0, 0, 0, 0, 0, 0, 0, 0, 0, 0, 0, 0, 0
4253, 0, 0, 0, 0, 0, 0, 0, 0, 0, 0, 0, 0, 0
4273, 0, 0, 0, 0, 0, 0, 0, 0, 0, 0, 0, 0, 0
4293, 0, 0, 0, 0, 0, 0, 0, 0, 0, 0, 0, 0, 0
4313, 0, 0, 0, 0, 0, 0, 0, 0, 0, 0, 0, 0, 0
4333, 0, 0, 0, 0, 0, 0, 0, 0, 0, 0, 0, 0, 0
4353, 0, 0, 0, 0, 0, 0, 0, 0, 0, 0, 0, 0, 0
4373, 0, 0, 0, 0, 0, 0, 0, 0, 0, 0, 0, 0, 0
4393, 0, 0, 0, 0, 0, 0, 0, 0, 0, 0, 0, 0, 0
4413, 0, 0, 0, 0, 0, 0, 0, 0, 0, 0, 0, 0, 0
4433, 0, 0, 0, 0, 0, 0, 0, 0, 0, 0, 0, 0, 0
4453, 0, 0, 0, 0, 0, 0, 0, 0, 0, 0, 0, 0, 0
4493, 0, 0, 0, 0, 0, 0, 0, 0, 0, 0, 0, 0, 0
4513, 0, 0, 0, 0, 0, 0, 0, 0, 0, 0, 0, 0, 0
4533, 0, 0, 0, 0, 0, 0, 0, 0, 0, 0, 0, 0, 0
4553, 0, 0, 0, 0, 0, 0, 0, 0, 0, 0, 0, 0, 0
4574, 0, 0, 0, 0, 0, 0, 0, 0, 0, 0, 0, 0, 0
4595, 0, 0, 0, 0, 0, 0, 0, 0, 0, 0, 0, 0, 0
4616, 0, 0, 0, 0, 0, 0, 0, 0, 0, 0, 0, 0, 0
4637, 0, 0, 0, 0, 0, 0, 0, 0, 0, 0, 0, 0, 0
4658, 0, 0, 0, 0, 0, 0, 0, 0, 0, 0, 0, 0, 0
4679, 0, 0, 0, 0, 0, 0, 0, 0, 0, 0, 0, 0, 0
4700, 0, 0, 0, 0, 0, 0, 0, 0, 0, 0, 0, 0, 0
4721, 0, 0, 0, 0, 0, 0, 0, 0, 0, 0, 0, 0, 0
4742, 0, 0, 0, 0, 0, 0, 0, 0, 0, 0, 0, 0, 0
4763, 0, 0, 0, 0, 0, 0, 0, 0, 0, 0, 0, 0, 0
4784, 0, 0, 0, 0, 0, 0, 0, 0, 0, 0, 0, 0, 0
4805, 0, 0, 0, 0, 0, 0, 0, 0, 0, 0, 0, 0, 0
4826, 0, 0, 0, 0, 0, 0, 0, 0, 0, 0, 0, 0, 0
4868, 0, 0, 0, 0, 0, 0, 0, 0, 0, 0, 0, 0, 0
4889, 0, 0, 0, 0, 0, 0, 0, 0, 0, 0, 0, 0, 0
4910, 0, 0, 0, 0, 0, 0, 0, 0, 0, 0, 0, 0, 0
4930, 0, 0, 0, 0, 0, 0, 0, 0, 0, 0, 0, 0, 0
4950, 0, 0, 0, 0, 0, 0, 0, 0, 0, 0, 0, 0, 0
4970, 0, 0, 0, 0, 0, 0, 0, 0, 0, 0, 0, 0, 0
4990, 0, 0, 0, 0, 0, 0, 0, 0, 0, 0, 0, 0, 0
5010, 0, 0, 0, 0, 0, 0, 0, 0, 0, 0, 0, 0, 0
5030, 0, 0, 0, 0, 0, 0, 0, 0, 0, 0, 0, 0, 0
5050, 0, 0, 0, 0, 0, 0, 0, 0, 0, 0, 0, 0, 0
5070, 0, 0, 0, 0, 0, 0, 0, 0, 0, 0, 0, 0, 0
5090, 0, 0, 0, 0, 0, 0, 0, 0, 0, 0, 0, 0, 0
5111, 0, 0, 0, 0, 0, 0, 0, 0, 0, 0, 0, 0, 0
5131, 0, 0, 0, 0, 0, 0, 0, 0, 0, 0, 0, 0, 0
5152, 0, 0, 0, 0, 0, 0, 0, 0, 0, 0, 0, 0, 0
5173, 0, 0, 0, 0, 0, 0, 0, 0, 0, 0, 0, 0, 0
5213, 0, 0, 0, 0, 0, 0, 0, 0, 0, 0, 0, 0, 0
5233, 0, 0, 0, 0, 0, 0, 0, 0, 0, 0, 0, 0, 0
5253, 0, 0, 0, 0, 0, 0, 0, 0, 0, 0, 0, 0, 0
5273, 0, 0, 0, 0, 0, 0, 0, 0, 0, 0, 0, 0, 0
5293, 0, 0, 0, 0, 0, 0, 0, 0, 0, 0, 0, 0, 0
5313, 0, 0, 0, 0, 0, 0, 0, 0, 0, 0, 0, 0, 0
5334, 0, 0, 0, 0, 0, 0, 0, 0, 0, 0, 0, 0, 0
5355, 0, 0, 0, 0, 0, 0, 0, 0, 0, 0, 0, 0, 0
5375, 0, 0, 0, 0, 0, 0, 0, 0, 0, 0, 0, 0, 0
5395, 0, 0, 0, 0, 0, 0, 0, 0, 0, 0, 0, 0, 0
5415, 0, 0, 0, 0, 0, 0, 0, 0, 0, 0, 0, 0, 0
5436, 0, 0, 0, 0, 0, 0, 0, 0, 0, 0, 0, 0, 0
5456, 0, 0, 0, 0, 0, 0, 0, 0, 0, 0, 0, 0, 0
5476, 0, 0, 0, 0, 0, 0, 0, 0, 0, 0, 0, 0, 0
5496, 0, 0, 0, 0, 0, 0, 0, 0, 0, 0, 0, 0, 0
5517, 0, 0, 0, 0, 0, 0, 0, 0, 0, 0, 0, 0, 0
5557, 0, 0, 0, 0, 0, 0, 0, 0, 0, 0, 0, 0, 0
5577, 0, 0, 0, 0, 0, 0, 0, 0, 0, 0, 0, 0, 0
5598, 0, 0, 0, 0, 0, 0, 0, 0, 0, 0, 0, 0, 0
5618, 0, 0, 0, 0, 0, 0, 0, 0, 0, 0, 0, 0, 0
5638, 0, 0, 0, 0, 0, 0, 0, 0, 0, 0, 0, 0, 0
5658, 0, 0, 0, 0, 0, 0, 0, 0, 0, 0, 0, 0, 0
5679, 0, 0, 0, 0, 0, 0, 0, 0, 0, 0, 0, 0, 0
5700, 0, 0, 0, 0, 0, 0, 0, 0, 0, 0, 0, 0, 0
5721, 0, 0, 0, 0, 0, 0, 0, 0, 0, 0, 0, 0, 0
5742, 0, 0, 0, 0, 0, 0, 0, 0, 0, 0, 0, 0, 0
5763, 0, 0, 0, 0, 0, 0, 0, 0, 0, 0, 0, 0, 0
5784, 0, 0, 0, 0, 0, 0, 0, 0, 0, 0, 0, 0, 0
5805, 0, 0, 0, 0, 0, 0, 0, 0, 0, 0, 0, 0, 0
5826, 0, 0, 0, 0, 0, 0, 0, 0, 0, 0, 0, 0, 0
5847, 0, 0, 0, 0, 0, 0, 0, 0, 0, 0, 0, 0, 0
5868, 0, 0, 0, 0, 0, 0, 0, 0, 0, 0, 0, 0, 0
5888, 0, 0, 0, 0, 0, 0, 0, 0, 0, 0, 0, 0, 0
5928, 0, 0, 0, 0, 0, 0, 0, 0, 0, 0, 0, 0, 0
5949, 0, 0, 0, 0, 0, 0, 0, 0, 0, 0, 0, 0, 0
5969, 0, 0, 0, 0, 0, 0, 0, 0, 0, 0, 0, 0, 0
5989, 0, 0, 0, 0, 0, 0, 0, 0, 0, 0, 0, 0, 0
6009, 0, 0, 0, 0, 0, 0, 0, 0, 0, 0, 0, 0, 0
6029, 0, 0, 0, 0, 0, 0, 0, 0, 0, 0, 0, 0, 0
6050, 0, 0, 0, 0, 0, 0, 0, 0, 0, 0, 0, 0, 0
6070, 0, 0, 0, 0, 0, 0, 0, 0, 0, 0, 0, 0, 0
6090, 0, 0, 0, 0, 0, 0, 0, 0, 0, 0, 0, 0, 0
6111, 0, 0, 0, 0, 0, 0, 0, 0, 0, 0, 0, 0, 0
6132, 0, 0, 0, 0, 0, 0, 0, 0, 0, 0, 0, 0, 0
6153, 0, 0, 0, 0, 0, 0, 0, 0, 0, 0, 0, 0, 0
6173, 0, 0, 0, 0, 0, 0, 0, 0, 0, 0, 0, 0, 0
6193, 0, 0, 0, 0, 0, 0, 0, 0, 0, 0, 0, 0, 0
6214, 0, 0, 0, 0, 0, 0, 0, 0, 0, 0, 0, 0, 0
6235, 0, 0, 0, 0, 0, 0, 0, 0, 0, 0, 0, 0, 0
6275, 0, 0, 0, 0, 0, 0, 0, 0, 0, 0, 0, 0, 0
6295, 0, 0, 0, 0, 0, 0, 0, 0, 0, 0, 0, 0, 0
6316, 0, 0, 0, 0, 0, 0, 0, 0, 0, 0, 0, 0, 0
6336, 0, 0, 0, 0, 0, 0, 0, 0, 0, 0, 0, 0, 0
6356, 0, 0, 0, 0, 0, 0, 0, 0, 0, 0, 0, 0, 0
6376, 0, 0, 0, 0, 0, 0, 0, 0, 0, 0, 0, 0, 0
6397, 0, 0, 0, 0, 0, 0, 0, 0, 0, 0, 0, 0, 0
6417, 0, 0, 0, 0, 0, 0, 0, 0, 0, 0, 0, 0, 0
6437, 0, 0, 0, 0, 0, 0, 0, 0, 0, 0, 0, 0, 0
6458, 0, 0, 0, 0, 0, 0, 0, 0, 0, 0, 0, 0, 0
6479, 0, 0, 0, 0, 0, 0, 0, 0, 0, 0, 0, 0, 0
6499, 0, 0, 0, 0, 0, 0, 0, 0, 0, 0, 0, 0, 0
6519, 0, 0, 0, 0, 0, 0, 0, 0, 0, 0, 0, 0, 0
6539, 0, 0, 0, 0, 0, 0, 0, 0, 0, 0, 0, 0, 0
6560, 0, 0, 0, 0, 0, 0, 0, 0, 0, 0, 0, 0, 0
6581, 0, 0, 0, 0, 0, 0, 0, 0, 0, 0, 0, 0, 0
6623, 0, 0, 0, 0, 0, 0, 0, 0, 0, 0, 0, 0, 0
6644, 0, 0, 0, 0, 0, 0, 0, 0, 0, 0, 0, 0, 0
6664, 0, 0, 0, 0, 0, 0, 0, 0, 0, 0, 0, 0, 0
6684, 0, 0, 0, 0, 0, 0, 0, 0, 0, 0, 0, 0, 0
6704, 0, 0, 0, 0, 0, 0, 0, 0, 0, 0, 0, 0, 0
6724, 0, 0, 0, 0, 0, 0, 0, 0, 0, 0, 0, 0, 0
6744, 0, 0, 0, 0, 0, 0, 0, 0, 0, 0, 0, 0, 0
6764, 0, 0, 0, 0, 0, 0, 0, 0, 0, 0, 0, 0, 0
6784, 0, 0, 0, 0, 0, 0, 0, 0, 0, 0, 0, 0, 0
6804, 0, 0, 0, 0, 0, 0, 0, 0, 0, 0, 0, 0, 0
6824, 0, 0, 0, 0, 0, 0, 0, 0, 0, 0, 0, 0, 0
6844, 0, 0, 0, 0, 0, 0, 0, 0, 0, 0, 0, 0, 0
6864, 0, 0, 0, 0, 0, 0, 0, 0, 0, 0, 0, 0, 0
6884, 0, 0, 0, 0, 0, 0, 0, 0, 0, 0, 0, 0, 0
6904, 0, 0, 0, 0, 0, 0, 0, 0, 0, 0, 0, 0, 0
6924, 0, 0, 0, 0, 0, 0, 0, 0, 0, 0, 0, 0, 0
6944, 0, 0, 0, 0, 0, 0, 0, 0, 0, 0, 0, 0, 0
6984, 0, 0, 0, 0, 0, 0, 0, 0, 0, 0, 0, 0, 0
7004, 0, 0, 0, 0, 0, 0, 0, 0, 0, 0, 0, 0, 0
7024, 0, 0, 0, 0, 0, 0, 0, 0, 0, 0, 0, 0, 0
7044, 0, 0, 0, 0, 0, 0, 0, 0, 0, 0, 0, 0, 0
7064, 0, 0, 0, 0, 0, 0, 0, 0, 0, 0, 0, 0, 0
7084, 0, 0, 0, 0, 0, 0, 0, 0, 0, 0, 0, 0, 0
7104, 0, 0, 0, 0, 0, 0, 0, 0, 0, 0, 0, 0, 0
7124, 0, 0, 0, 0, 0, 0, 0, 0, 0, 0, 0, 0, 0
7144, 0, 0, 0, 0, 0, 0, 0, 0, 0, 0, 0, 0, 0
7164, 0, 0, 0, 0, 0, 0, 0, 0, 0, 0, 0, 0, 0
7184, 0, 0, 0, 0, 0, 0, 0, 0, 0, 0, 0, 0, 0
7204, 0, 0, 0, 0, 0, 0, 0, 0, 0, 0, 0, 0, 0
7225, 0, 0, 0, 0, 0, 0, 0, 0, 0, 0, 0, 0, 0
7246, 0, 0, 0, 0, 0, 0, 0, 0, 0, 0, 0, 0, 0
7266, 0, 0, 0, 0, 0, 0, 0, 0, 0, 0, 0, 0, 0
7287, 0, 0, 0, 0, 0, 0, 0, 0, 0, 0, 0, 0, 0
7327, 0, 0, 0, 0, 0, 0, 0, 0, 0, 0, 0, 0, 0
7347, 0, 0, 0, 0, 0, 0, 0, 0, 0, 0, 0, 0, 0
7367, 0, 0, 0, 0, 0, 0, 0, 0, 0, 0, 0, 0, 0
7387, 0, 0, 0, 0, 0, 0, 0, 0, 0, 0, 0, 0, 0
7407, 0, 0, 0, 0, 0, 0, 0, 0, 0, 0, 0, 0, 0
7427, 0, 0, 0, 0, 0, 0, 0, 0, 0, 0, 0, 0, 0
7447, 0, 0, 0, 0, 0, 0, 0, 0, 0, 0, 0, 0, 0
7467, 0, 0, 0, 0, 0, 0, 0, 0, 0, 0, 0, 0, 0
7487, 0, 0, 0, 0, 0, 0, 0, 0, 0, 0, 0, 0, 0
7507, 0, 0, 0, 0, 0, 0, 0, 0, 0, 0, 0, 0, 0
7527, 0, 0, 0, 0, 0, 0, 0, 0, 0, 0, 0, 0, 0
7547, 0, 0, 0, 0, 0, 0, 0, 0, 0, 0, 0, 0, 0
7567, 0, 0, 0, 0, 0, 0, 0, 0, 0, 0, 0, 0, 0
7587, 0, 0, 0, 0, 0, 0, 0, 0, 0, 0, 0, 0, 0
7607, 0, 0, 0, 0, 0, 0, 0, 0, 0, 0, 0, 0, 0
7627, 0, 0, 0, 0, 0, 0, 0, 0, 0, 0, 0, 0, 0
7667, 0, 0, 0, 0, 0, 0, 0, 0, 0, 0, 0, 0, 0
7687, 0, 0, 0, 0, 0, 0, 0, 0, 0, 0, 0, 0, 0
7707, 0, 0, 0, 0, 0, 0, 0, 0, 0, 0, 0, 0, 0
7727, 0, 0, 0, 0, 0, 0, 0, 0, 0, 0, 0, 0, 0
7747, 0, 0, 0, 0, 0, 0, 0, 0, 0, 0, 0, 0, 0
7767, 0, 0, 0, 0, 0, 0, 0, 0, 0, 0, 0, 0, 0
7787, 0, 0, 0, 0, 0, 0, 0, 0, 0, 0, 0, 0, 0
7807, 0, 0, 0, 0, 0, 0, 0, 0, 0, 0, 0, 0, 0
7827, 0, 0, 0, 0, 0, 0, 0, 0, 0, 0, 0, 0, 0
7827, -0.0313383, 14.4605, 16.9618, -0.0809848, -0.0308409, 14.4605, 16.9649, -0.0809848, -0.0313383, 14.4605, 16.9649, -0.0809848, -0.0308409
7847, 14.4605, 16.9649, -0.0809848, -0.0318358, 14.4605, 16.9649, -0.0809848, -0.0318358, 14.4605, 16.9649, -0.0809848, -0.0313383, 14.4605
7867, 16.9649, -0.0809848, -0.0318358, 14.4605, 16.9587, -0.0809848, -0.0318358, 14.4605, 16.9556, -0.0809848, -0.0318358, 14.4605, 16.9556
7887, -0.0809848, -0.0318358, 14.4605, 16.9556, -0.0809848, -0.0318358, 14.4605, 16.9556, -0.0809848, -0.0313383, 14.4605, 16.9587, -0.0809848
7907, -0.0313383, 14.4605, 16.9618, -0.0809848, -0.0313383, 14.4605, 16.9618, -0.0809848, -0.0313383, 14.4605, 16.9618, -0.0809848, -0.0313383
7927, 14.4605, 16.9556, -0.0809848, -0.0313383, 14.4605, 16.9525, -0.0809848, -0.0313383, 14.4627, 16.9618, -0.0809848, -0.0313383, 14.4648
7947, 16.968, -0.0809848, -0.0318358, 14.4648, 16.9711, -0.0809848, -0.0328306, 14.4627, 16.9649, -0.0809848, -0.0323332, 14.4605, 16.9618
7967, -0.0809848, -0.0323332, 14.4605, 16.9556, -0.0809848, -0.0323332, 14.4605, 16.9556, -0.0809848, -0.0318358, 14.4605, 16.9587, -0.0809848
7987, -0.0318358, 14.4605, 16.9587, -0.0809848, -0.0318358, 14.4605, 16.9587, -0.0809848, -0.0318358, 14.4605, 16.9587, -0.0809848, -0.0303435
8007, 14.467, 16.9649, -0.0944823, -0.0303435, 14.467, 16.9649, -0.0944823, -0.0308409, 14.4627, 16.9649, -0.0944823, -0.0308409, 14.4627
8027, 16.9649, -0.0944823, -0.0308409, 14.4627, 16.9649, -0.0944823, -0.0308409, 14.4627, 16.9649, -0.0944823, -0.0308409, 14.4627, 16.9649
8047, -0.0944823, -0.0308409, 14.4627, 16.9649, -0.0944823, -0.0308409, 14.4627, 16.9649, -0.0944823, -0.0313383, 14.4605, 16.9556, -0.0944823
8067, -0.0313383, 14.4605, 16.9556, -0.0944823, -0.0313383, 14.4605, 16.9556, -0.0944823, -0.0313383, 14.4605, 16.9556, -0.0944823, -0.0313383
8087, 14.4605, 16.9556, -0.0944823, -0.0313383, 14.4605, 16.9556, -0.0944823, -0.0313383, 14.4605, 16.9556, -0.0944823, -0.0318358, 14.4627
8108, 16.9525, -0.0944823, -0.0318358, 14.4627, 16.9525, -0.0944823, -0.0318358, 14.4627, 16.9525, -0.0944823, -0.0318358, 14.4627, 16.9525
8129, -0.0944823, -0.0318358, 14.4627, 16.9525, -0.0944823, -0.0318358, 14.4627, 16.9525, -0.0944823, -0.0318358, 14.4627, 16.9525, -0.0944823
8150, -0.0318358, 14.4648, 16.9525, -0.0944823, -0.0318358, 14.4648, 16.9525, -0.0944823, -0.0318358, 14.4648, 16.9525, -0.0944823, -0.0318358
8171, 14.4648, 16.9525, -0.0944823, -0.0318358, 14.4648, 16.9525, -0.0944823, -0.0318358, 14.4648, 16.9525, -0.0944823, -0.0323332, 14.4648
8192, 16.9525, -0.0944823, -0.0323332, 14.4648, 16.9525, -0.0944823, -0.0323332, 14.4648, 16.9525, -0.0944823, -0.0323332, 14.4648, 16.9525
8213, -0.0944823, -0.0323332, 14.4648, 16.9525, -0.0944823, -0.0323332, 14.4648, 16.9525, -0.0944823, -0.0323332, 14.4648, 16.9525, -0.0944823
8234, -0.0313383, 14.4648, 16.9587, -0.0944823, -0.0313383, 14.4648, 16.9587, -0.0944823, -0.0313383, 14.4648, 16.9587, -0.0944823, -0.0313383
8255, 14.4648, 16.9587, -0.0944823, -0.0313383, 14.4648, 16.9587, -0.0944823, -0.0313383, 14.4648, 16.9587, -0.0944823, -0.0313383, 14.4648
8276, 16.9587, -0.0809848, -0.0303435, 14.4627, 16.9587, -0.0809848, -0.0303435, 14.4627, 16.9587, -0.0809848, -0.0303435, 14.4627, 16.9587
8297, -0.0809848, -0.0303435, 14.4627, 16.9587, -0.0809848, -0.0303435, 14.4627, 16.9587, -0.0809848, -0.0303435, 14.4627, 16.9587, -0.0809848
8318, -0.0303435, 14.4627, 16.9587, -0.0809848, -0.029846, 14.4605, 16.9649, -0.0809848, -0.029846, 14.4605, 16.9649, -0.0809848, -0.029846
8339, 14.4605, 16.9649, -0.0809848, -0.029846, 14.4605, 16.9649, -0.0809848, -0.029846, 14.4605, 16.9649, -0.0809848, -0.029846, 14.4605
8360, 16.9649, -0.0809848, -0.029846, 14.4605, 16.9649, -0.0809848, -0.029846, 14.4605, 16.968, -0.0809848, -0.029846, 14.4605, 16.968
8381, -0.0809848, -0.029846, 14.4605, 16.968, -0.0809848, -0.029846, 14.4605, 16.968, -0.0809848, -0.029846, 14.4605, 16.968, -0.0809848
8402, -0.029846, 14.4605, 16.968, -0.0809848, -0.0303435, 14.4605, 16.9711, -0.0809848, -0.0303435, 14.4605, 16.9711, -0.0809848, -0.0303435
8423, -0.0318358, 14.4605, 16.9587, -0.0809848, -0.0323332, 14.4605, 16.9618, -0.0809848, -0.0333281, 14.4605, 16.9618, -0.0809848, -0.0333281
8444, 14.4605, 16.9618, -0.0809848, -0.0333281, 14.4605, 16.9618, -0.0809848, -0.0333281, 14.4605, 16.9618, -0.0809848, -0.0323332, 14.4605
8465, 16.9556, -0.0809848, -0.0313383, 14.4605, 16.9556, -0.0809848, -0.0308409, 14.4627, 16.9556, -0.0809848, -0.0303435, 14.4627, 16.9587
8486, -0.0809848, -0.0308409, 14.4627, 16.9587, -0.0809848, -0.0313383, 14.4627, 16.9587, -0.0809848, -0.0313383, 14.4627, 16.9587, -0.0809848
8506, -0.0313383, 14.4627, 16.9587, -0.0809848, -0.0308409, 14.4627, 16.9587, -0.0809848, -0.0308409, 14.4627, 16.9587, -0.0809848, -0.0308409
8527, 14.4627, 16.9649, -0.0809848, -0.0313383, 14.4627, 16.9649, -0.0809848, -0.0313383, 14.4627, 16.9649, -0.0809848, -0.0313383, 14.4605
8548, 16.9649, -0.0809848, -0.0313383, 14.4605, 16.9556, -0.0809848, -0.0313383, 14.4605, 16.9556, -0.0809848, -0.0318358, 14.4605, 16.9525
8568, -0.0809848, -0.0323332, 14.4605, 16.9525, -0.0809848, -0.0323332, 14.4605, 16.9525, -0.0809848, -0.0318358, 14.4605, 16.9587, -0.0809848
8588, -0.0318358, 14.4605, 16.9587, -0.0809848, -0.0318358, 14.4605, 16.9587, -0.0809848, -0.0318358, 14.4605, 16.9587, -0.0809848, -0.0303435
8608, 14.467, 16.9649, -0.0944823, -0.0303435, 14.467, 16.9649, -0.0944823, -0.0308409, 14.4627, 16.9649, -0.0944823, -0.0308409, 14.4627
8628, 16.9649, -0.0944823, -0.0308409, 14.4627, 16.9649, -0.0944823, -0.0308409, 14.4627, 16.9649, -0.0944823, -0.0308409, 14.4627, 16.9649
8648, -0.0944823, -0.0308409, 14.4627, 16.9649, -0.0944823, -0.0308409, 14.4627, 16.9649, -0.0944823, -0.0313383, 14.4605, 16.9556, -0.0944823
8668, -0.0313383, 14.4605, 16.9556, -0.0944823, -0.0313383, 14.4605, 16.9556, -0.0944823, -0.0313383, 14.4605, 16.9556, -0.0944823, -0.0313383
8688, 14.4605, 16.9556, -0.0944823, -0.0313383, 14.4605, 16.9556, -0.0944823, -0.0313383, 14.4605, 16.9556, -0.0944823, -0.0318358, 14.4627
8708, 16.9525, -0.0944823, -0.0318358, 14.4627, 16.9525, -0.0944823, -0.0318358, 14.4627, 16.9525, -0.0944823, -0.0318358, 14.4627, 16.9525
8728, -0.0944823, -0.0318358, 14.4627, 16.9525, -0.0944823, -0.0318358, 14.4627, 16.9525, -0.0944823, -0.0318358, 14.4627, 16.9525, -0.0944823
8749, -0.0318358, 14.4648, 16.9525, -0.0944823, -0.0318358, 14.4648, 16.9525, -0.0944823, -0.0318358, 14.4648, 16.9525, -0.0944823, -0.0318358
8769, 14.4648, 16.9525, -0.0944823, -0.0318358, 14.4648, 16.9525, -0.0944823, -0.0318358, 14.4648, 16.9525, -0.0944823, -0.0323332, 14.4648
8789, 16.9525, -0.0944823, -0.0323332, 14.4648, 16.9525, -0.0944823, -0.0323332, 14.4648, 16.9525, -0.0944823, -0.0323332, 14.4648, 16.9525
8809, -0.0944823, -0.0323332, 14.4648, 16.9525, -0.0944823, -0.0323332, 14.4648, 16.9525, -0.0944823, -0.0323332, 14.4648, 16.9525, -0.0944823
8829, -0.0313383, 14.4648, 16.9587, -0.0944823, -0.0313383, 14.4648, 16.9587, -0.0944823, -0.0313383, 14.4648, 16.9587, -0.0944823, -0.0313383
8849, 14.4648, 16.9587, -0.0944823, -0.0313383, 14.4648, 16.9587, -0.0944823, -0.0313383, 14.4648, 16.9587, -0.0944823, -0.0313383, 14.4648
8869, 16.9587, -0.0809848, -0.0303435, 14.4627, 16.9587, -0.0809848, -0.0303435, 14.4627, 16.9587, -0.0809848, -0.0303435, 14.4627, 16.9587
8889, -0.0809848, -0.0303435, 14.4627, 16.9587, -0.0809848, -0.0303435, 14.4627, 16.9587, -0.0809848, -0.0303435, 14.4627, 16.9587, -0.0809848
8909, -0.0303435, 14.4627, 16.9587, -0.0809848, -0.029846, 14.4605, 16.9649, -0.0809848, -0.029846, 14.4605, 16.9649, -0.0809848, -0.029846
8909, -0.0323332, 14.4605, 16.9525, -0.0809848, -0.0328306, 14.4605, 16.9587, -0.0809848, -0.0328306, 14.4605, 16.9649, -0.0809848, -0.0333281
8930, 14.4605, 16.968, -0.0809848, -0.0333281, 14.4605, 16.968, -0.0809848, -0.0323332, 14.4605, 16.9649, -0.0809848, -0.0318358, 14.4605
8950, 16.9618, -0.0809848, -0.0313383, 14.4605, 16.9649, -0.0809848, -0.0318358, 14.4605, 16.968, -0.0809848, -0.0318358, 14.4605, 16.9649
8970, -0.0809848, -0.0318358, 14.4605, 16.9649, -0.0809848, -0.0313383, 14.4605, 16.9649, -0.0809848, -0.0308409, 14.4605, 16.9649, -0.0809848
8990, -0.0308409, 14.4605, 16.9618, -0.0809848, -0.0308409, 14.4648, 16.9587, -0.0809848, -0.0308409, 14.4627, 16.9618, -0.0809848, -0.0308409
9010, 14.4627, 16.9618, -0.0809848, -0.0313383, 14.4627, 16.9649, -0.0809848, -0.0318358, 14.4627, 16.9649, -0.0809848, -0.0313383, 14.4648
9030, 16.9711, -0.0809848, -0.0308409, 14.467, 16.9742, -0.0809848, -0.0303435, 14.4648, 16.9742, -0.0809848, -0.0303435, 14.4648, 16.9742
9050, -0.0809848, -0.0303435, 14.4627, 16.9804, -0.0809848, -0.0308409, 14.4605, 16.9835, -0.0809848, -0.0308409, 14.4605, 16.9835, -0.0809848
9070, -0.0318358, 14.4605, 16.9587, -0.0809848, -0.0318358, 14.4605, 16.9587, -0.0809848, -0.0318358, 14.4605, 16.9587, -0.0809848, -0.0303435
9090, 14.467, 16.9649, -0.0944823, -0.0303435, 14.467, 16.9649, -0.0944823, -0.0308409, 14.4627, 16.9649, -0.0944823, -0.0308409, 14.4627
9110, 16.9649, -0.0944823, -0.0308409, 14.4627, 16.9649, -0.0944823, -0.0308409, 14.4627, 16.9649, -0.0944823, -0.0308409, 14.4627, 16.9649
9130, -0.0944823, -0.0308409, 14.4627, 16.9649, -0.0944823, -0.0308409, 14.4627, 16.9649, -0.0944823, -0.0313383, 14.4605, 16.9556, -0.0944823
9150, -0.0313383, 14.4605, 16.9556, -0.0944823, -0.0313383, 14.4605, 16.9556, -0.0944823, -0.0313383, 14.4605, 16.9556, -0.0944823, -0.0313383
9170, 14.4605, 16.9556, -0.0944823, -0.0313383, 14.4605, 16.9556, -0.0944823, -0.0313383, 14.4605, 16.9556, -0.0944823, -0.0318358, 14.4627
9190, 16.9525, -0.0944823, -0.0318358, 14.4627, 16.9525, -0.0944823, -0.0318358, 14.4627, 16.9525, -0.0944823, -0.0318358, 14.4627, 16.9525
9210, -0.0944823, -0.0318358, 14.4627, 16.9525, -0.0944823, -0.0318358, 14.4627, 16.9525, -0.0944823, -0.0318358, 14.4627, 16.9525, -0.0944823
9230, -0.0318358, 14.4648, 16.9525, -0.0944823, -0.0318358, 14.4648, 16.9525, -0.0944823, -0.0318358, 14.4648, 16.9525, -0.0944823, -0.0318358
9250, 14.4648, 16.9525, -0.0944823, -0.0318358, 14.4648, 16.9525, -0.0944823, -0.0318358, 14.4648, 16.9525, -0.0944823, -0.0323332, 14.4648
9270, 16.9525, -0.0944823, -0.0323332, 14.4648, 16.9525, -0.0944823, -0.0323332, 14.4648, 16.9525, -0.0944823, -0.0323332, 14.4648, 16.9525
9290, -0.0944823, -0.0323332, 14.4648, 16.9525, -0.0944823, -0.0323332, 14.4648, 16.9525, -0.0944823, -0.0323332, 14.4648, 16.9525, -0.0944823
9311, -0.0313383, 14.4648, 16.9587, -0.0944823, -0.0313383, 14.4648, 16.9587, -0.0944823, -0.0313383, 14.4648, 16.9587, -0.0944823, -0.0313383
9331, 14.4648, 16.9587, -0.0944823, -0.0313383, 14.4648, 16.9587, -0.0944823, -0.0313383, 14.4648, 16.9587, -0.0944823, -0.0313383, 14.4648
9351, 16.9587, -0.0809848, -0.0303435, 14.4627, 16.9587, -0.0809848, -0.0303435, 14.4627, 16.9587, -0.0809848, -0.0303435, 14.4627, 16.9587
9371, -0.0809848, -0.0303435, 14.4627, 16.9587, -0.0809848, -0.0303435, 14.4627, 16.9587, -0.0809848, -0.0303435, 14.4627, 16.9587, -0.0809848
9391, -0.0303435, 14.4627, 16.9587, -0.0809848, -0.029846, 14.4605, 16.9649, -0.0809848, -0.029846, 14.4605, 16.9649, -0.0809848, -0.029846
9411, 14.4605, 16.9649, -0.0809848, -0.029846, 14.4605, 16.9649, -0.0809848, -0.029846, 14.4605, 16.9649, -0.0809848, -0.029846, 14.4605
9411, -0.0308409, 14.4605, 16.9835, -0.0809848, -0.0313383, 14.4605, 16.9773, -0.0809848, -0.0318358, 14.4605, 16.9711, -0.0809848, -0.0318358
9432, 14.4605, 16.9711, -0.0809848, -0.0318358, 14.4605, 16.968, -0.0809848, -0.0318358, 14.4605, 16.9649, -0.0809848, -0.0318358, 14.4605
9452, 16.9618, -0.0809848, -0.0323332, 14.4605, 16.968, -0.0809848, -0.0318358, 14.4627, 16.9711, -0.0809848, -0.0313383, 14.4627, 16.9711
9472, -0.0809848, -0.0313383, 14.4627, 16.9711, -0.0809848, -0.0318358, 14.4627, 16.9711, -0.0809848, -0.0318358, 14.4627, 16.9618, -0.0809848
9492, -0.0318358, 14.4627, 16.9618, -0.0809848, -0.0328306, 14.4605, 16.9556, -0.0809848, -0.0323332, 14.4605, 16.9587, -0.0809848, -0.0333281
9512, 14.4627, 16.9649, -0.0809848, -0.0328306, 14.4648, 16.968, -0.0809848, -0.0318358, 14.4648, 16.9618, -0.0809848, -0.0313383, 14.4627
9532, 16.9587, -0.0809848, -0.0313383, 14.4627, 16.9587, -0.0809848, -0.0318358, 14.4627, 16.9556, -0.0809848, -0.0313383, 14.4605, 16.9556
9552, -0.0809848, -0.0323332, 14.4605, 16.9587, -0.0809848, -0.0318358, 14.4605, 16.9587, -0.0809848, -0.0318358, 14.4605, 16.9587, -0.0809848
9572, -0.0318358, 14.4605, 16.9587, -0.0809848, -0.0318358, 14.4605, 16.9587, -0.0809848, -0.0318358, 14.4605, 16.9587, -0.0809848, -0.0303435
9592, 14.467, 16.9649, -0.0944823, -0.0303435, 14.467, 16.9649, -0.0944823, -0.0308409, 14.4627, 16.9649, -0.0944823, -0.0308409, 14.4627
9612, 16.9649, -0.0944823, -0.0308409, 14.4627, 16.9649, -0.0944823, -0.0308409, 14.4627, 16.9649, -0.0944823, -0.0308409, 14.4627, 16.9649
9632, -0.0944823, -0.0308409, 14.4627, 16.9649, -0.0944823, -0.0308409, 14.4627, 16.9649, -0.0944823, -0.0313383, 14.4605, 16.9556, -0.0944823
9652, -0.0313383, 14.4605, 16.9556, -0.0944823, -0.0313383, 14.4605, 16.9556, -0.0944823, -0.0313383, 14.4605, 16.9556, -0.0944823, -0.0313383
9672, 14.4605, 16.9556, -0.0944823, -0.0313383, 14.4605, 16.9556, -0.0944823, -0.0313383, 14.4605, 16.9556, -0.0944823, -0.0318358, 14.4627
9693, 16.9525, -0.0944823, -0.0318358, 14.4627, 16.9525, -0.0944823, -0.0318358, 14.4627, 16.9525, -0.0944823, -0.0318358, 14.4627, 16.9525
9714, -0.0944823, -0.0318358, 14.4627, 16.9525, -0.0944823, -0.0318358, 14.4627, 16.9525, -0.0944823, -0.0318358, 14.4627, 16.9525, -0.0944823
9735, -0.0318358, 14.4648, 16.9525, -0.0944823, -0.0318358, 14.4648, 16.9525, -0.0944823, -0.0318358, 14.4648, 16.9525, -0.0944823, -0.0318358
9756, 14.4648, 16.9525, -0.0944823, -0.0318358, 14.4648, 16.9525, -0.0944823, -0.0318358, 14.4648, 16.9525, -0.0944823, -0.0323332, 14.4648
9777, 16.9525, -0.0944823, -0.0323332, 14.4648, 16.9525, -0.0944823, -0.0323332, 14.4648, 16.9525, -0.0944823, -0.0323332, 14.4648, 16.9525
9798, -0.0944823, -0.0323332, 14.4648, 16.9525, -0.0944823, -0.0323332, 14.4648, 16.9525, -0.0944823, -0.0323332, 14.4648, 16.9525, -0.0944823
9819, -0.0313383, 14.4648, 16.9587, -0.0944823, -0.0313383, 14.4648, 16.9587, -0.0944823, -0.0313383, 14.4648, 16.9587, -0.0944823, -0.0313383
9840, 14.4648, 16.9587, -0.0944823, -0.0313383, 14.4648, 16.9587, -0.0944823, -0.0313383, 14.4648, 16.9587, -0.0944823, -0.0313383, 14.4648
9861, 16.9587, -0.0809848, -0.0303435, 14.4627, 16.9587, -0.0809848, -0.0303435, 14.4627, 16.9587, -0.0809848, -0.0303435, 14.4627, 16.9587
9882, -0.0809848, -0.0303435, 14.4627, 16.9587, -0.0809848, -0.0303435, 14.4627, 16.9587, -0.0809848, -0.0303435, 14.4627, 16.9587, -0.0809848
9903, -0.0303435, 14.4627, 16.9587, -0.0809848, -0.029846, 14.4605, 16.9649, -0.0809848, -0.029846, 14.4605, 16.9649, -0.0809848, -0.029846
9924, 14.4605, 16.9649, -0.0809848, -0.029846, 14.4605, 16.9649, -0.0809848, -0.029846, 14.4605, 16.9649, -0.0809848, -0.029846, 14.4605
9987, -0.0318358, 14.4605, 16.9587, -0.0809848, -0.0323332, 14.4627, 16.9587, -0.0809848, -0.0328306, 14.4627, 16.9556, -0.0809848, -0.0328306
10008, 14.4627, 16.9556, -0.0809848, -0.0323332, 14.4627, 16.9556, -0.0809848, -0.0318358, 14.4605, 16.968, -0.0809848, -0.0318358, 14.4605
10029, 16.9742, -0.0809848, -0.0318358, 14.4605, 16.9711, -0.0809848, -0.0318358, 14.4605, 16.9711, -0.0809848, -0.0318358, 14.4605, 16.9649
10050, -0.0809848, -0.0318358, 14.4605, 16.9649, -0.0809848, -0.0318358, 14.4605, 16.9649, -0.0809848, -0.0318358, 14.4605, 16.9649, -0.0809848
10070, -0.0318358, 14.4605, 16.968, -0.0809848, -0.0318358, 14.4627, 16.9711, -0.0809848, -0.0318358, 14.4627, 16.9711, -0.0809848, -0.0318358
10090, 14.4605, 16.968, -0.0809848, -0.0318358, 14.4605, 16.9649, -0.0809848, -0.0318358, 14.4605, 16.968, -0.0809848, -0.0318358, 14.4605
10110, 16.968, -0.0809848, -0.0308409, 14.4605, 16.968, -0.0809848, -0.0303435, 14.4605, 16.968, -0.0809848, -0.0303435, 14.4605, 16.968
10130, -0.0809848, -0.0323332, 14.4605, 16.9587, -0.0809848, -0.0318358, 14.4605, 16.9587, -0.0809848, -0.0318358, 14.4605, 16.9587, -0.0809848
10150, -0.0318358, 14.4605, 16.9587, -0.0809848, -0.0318358, 14.4605, 16.9587, -0.0809848, -0.0318358, 14.4605, 16.9587, -0.0809848, -0.0303435
10170, 14.467, 16.9649, -0.0944823, -0.0303435, 14.467, 16.9649, -0.0944823, -0.0308409, 14.4627, 16.9649, -0.0944823, -0.0308409, 14.4627
10190, 16.9649, -0.0944823, -0.0308409, 14.4627, 16.9649, -0.0944823, -0.0308409, 14.4627, 16.9649, -0.0944823, -0.0308409, 14.4627, 16.9649
10210, -0.0944823, -0.0308409, 14.4627, 16.9649, -0.0944823, -0.0308409, 14.4627, 16.9649, -0.0944823, -0.0313383, 14.4605, 16.9556, -0.0944823
10230, -0.0313383, 14.4605, 16.9556, -0.0944823, -0.0313383, 14.4605, 16.9556, -0.0944823, -0.0313383, 14.4605, 16.9556, -0.0944823, -0.0313383
10250, 14.4605, 16.9556, -0.0944823, -0.0313383, 14.4605, 16.9556, -0.0944823, -0.0313383, 14.4605, 16.9556, -0.0944823, -0.0318358, 14.4627
10271, 16.9525, -0.0944823, -0.0318358, 14.4627, 16.9525, -0.0944823, -0.0318358, 14.4627, 16.9525, -0.0944823, -0.0318358, 14.4627, 16.9525
10292, -0.0944823, -0.0318358, 14.4627, 16.9525, -0.0944823, -0.0318358, 14.4627, 16.9525, -0.0944823, -0.0318358, 14.4627, 16.9525, -0.0944823
10313, -0.0318358, 14.4648, 16.9525, -0.0944823, -0.0318358, 14.4648, 16.9525, -0.0944823, -0.0318358, 14.4648, 16.9525, -0.0944823, -0.0318358
10334, 14.4648, 16.9525, -0.0944823, -0.0318358, 14.4648, 16.9525, -0.0944823, -0.0318358, 14.4648, 16.9525, -0.0944823, -0.0323332, 14.4648
10355, 16.9525, -0.0944823, -0.0323332, 14.4648, 16.9525, -0.0944823, -0.0323332, 14.4648, 16.9525, -0.0944823, -0.0323332, 14.4648, 16.9525
10376, -0.0944823, -0.0323332, 14.4648, 16.9525, -0.0944823, -0.0323332, 14.4648, 16.9525, -0.0944823, -0.0323332, 14.4648, 16.9525, -0.0944823
10397, -0.0313383, 14.4648, 16.9587, -0.0944823, -0.0313383, 14.4648, 16.9587, -0.0944823, -0.0313383, 14.4648, 16.9587, -0.0944823, -0.0313383
10418, 14.4648, 16.9587, -0.0944823, -0.0313383, 14.4648, 16.9587, -0.0944823, -0.0313383, 14.4648, 16.9587, -0.0944823, -0.0313383, 14.4648
10439, 16.9587, -0.0809848, -0.0303435, 14.4627, 16.9587, -0.0809848, -0.0303435, 14.4627, 16.9587, -0.0809848, -0.0303435, 14.4627, 16.9587
10499, -0.0303435, 14.4605, 16.968, -0.0809848, -0.029846, 14.4605, 16.9711, -0.0944823, -0.0293486, 14.4605, 16.9742, -0.0944823, -0.0293486
10519, 14.4605, 16.9773, -0.0944823, -0.029846, 14.4605, 16.968, -0.0944823, -0.0308409, 14.4605, 16.9618, -0.0944823, -0.0313383, 14.4605
10539, 16.9587, -0.0944823, -0.0313383, 14.4605, 16.9649, -0.0944823, -0.0313383, 14.4627, 16.9711, -0.0944823, -0.0313383, 14.4627, 16.9711
10559, -0.0944823, -0.0313383, 14.4627, 16.9742, -0.0944823, -0.0313383, 14.4627, 16.9742, -0.0944823, -0.0308409, 14.4627, 16.9742, -0.0944823
10579, -0.0303435, 14.4627, 16.968, -0.0944823, -0.0303435, 14.4627, 16.9649, -0.0944823, -0.0303435, 14.4648, 16.9711, -0.0944823, -0.0303435
10599, 14.4648, 16.9742, -0.0944823, -0.0303435, 14.4648, 16.9711, -0.0944823, -0.0303435, 14.4648, 16.9649, -0.0944823, -0.0303435, 14.4648
10619, 16.968, -0.0944823, -0.0303435, 14.4648, 16.9649, -0.0944823, -0.0303435, 14.4627, 16.9649, -0.0944823, -0.0303435, 14.4627, 16.9649
10639, -0.0944823, -0.0323332, 14.4605, 16.9587, -0.0809848, -0.0318358, 14.4605, 16.9587, -0.0809848, -0.0318358, 14.4605, 16.9587, -0.0809848
10659, -0.0318358, 14.4605, 16.9587, -0.0809848, -0.0318358, 14.4605, 16.9587, -0.0809848, -0.0318358, 14.4605, 16.9587, -0.0809848, -0.0303435
10679, 14.467, 16.9649, -0.0944823, -0.0303435, 14.467, 16.9649, -0.0944823, -0.0308409, 14.4627, 16.9649, -0.0944823, -0.0308409, 14.4627
10699, 16.9649, -0.0944823, -0.0308409, 14.4627, 16.9649, -0.0944823, -0.0308409, 14.4627, 16.9649, -0.0944823, -0.0308409, 14.4627, 16.9649
10719, -0.0944823, -0.0308409, 14.4627, 16.9649, -0.0944823, -0.0308409, 14.4627, 16.9649, -0.0944823, -0.0313383, 14.4605, 16.9556, -0.0944823
10739, -0.0313383, 14.4605, 16.9556, -0.0944823, -0.0313383, 14.4605, 16.9556, -0.0944823, -0.0313383, 14.4605, 16.9556, -0.0944823, -0.0313383
10759, 14.4605, 16.9556, -0.0944823, -0.0313383, 14.4605, 16.9556, -0.0944823, -0.0313383, 14.4605, 16.9556, -0.0944823, -0.0318358, 14.4627
10779, 16.9525, -0.0944823, -0.0318358, 14.4627, 16.9525, -0.0944823, -0.0318358, 14.4627, 16.9525, -0.0944823, -0.0318358, 14.4627, 16.9525
10800, -0.0944823, -0.0318358, 14.4627, 16.9525, -0.0944823, -0.0318358, 14.4627, 16.9525, -0.0944823, -0.0318358, 14.4627, 16.9525, -0.0944823
10821, -0.0318358, 14.4648, 16.9525, -0.0944823, -0.0318358, 14.4648, 16.9525, -0.0944823, -0.0318358, 14.4648, 16.9525, -0.0944823, -0.0318358
10842, 14.4648, 16.9525, -0.0944823, -0.0318358, 14.4648, 16.9525, -0.0944823, -0.0318358, 14.4648, 16.9525, -0.0944823, -0.0323332, 14.4648
10863, 16.9525, -0.0944823, -0.0323332, 14.4648, 16.9525, -0.0944823, -0.0323332, 14.4648, 16.9525, -0.0944823, -0.0323332, 14.4648, 16.9525
10884, -0.0944823, -0.0323332, 14.4648, 16.9525, -0.0944823, -0.0323332, 14.4648, 16.9525, -0.0944823, -0.0323332, 14.4648, 16.9525, -0.0944823
10905, -0.0313383, 14.4648, 16.9587, -0.0944823, -0.0313383, 14.4648, 16.9587, -0.0944823, -0.0313383, 14.4648, 16.9587, -0.0944823, -0.0313383
10926, 14.4648, 16.9587, -0.0944823, -0.0313383, 14.4648, 16.9587, -0.0944823, -0.0313383, 14.4648, 16.9587, -0.0944823, -0.0313383, 14.4648
10947, 16.9587, -0.0809848, -0.0303435, 14.4627, 16.9587, -0.0809848, -0.0303435, 14.4627, 16.9587, -0.0809848, -0.0303435, 14.4627, 16.9587
11010, -0.0303435, 14.4627, 16.9649, -0.0944823, -0.0308409, 14.4627, 16.9618, -0.0809848, -0.0308409, 14.4648, 16.9618, -0.0809848, -0.0303435
11031, 14.4648, 16.9618, -0.0809848, -0.0303435, 14.4648, 16.9649, -0.0809848, -0.0303435, 14.4648, 16.9618, -0.0809848, -0.0303435, 14.4627
11052, 16.9649, -0.0809848, -0.0308409, 14.4627, 16.9649, -0.0809848, -0.0313383, 14.4627, 16.968, -0.0809848, -0.0313383, 14.4627, 16.9711
11073, -0.0809848, -0.0313383, 14.4627, 16.9742, -0.0809848, -0.0308409, 14.4627, 16.9711, -0.0809848, -0.0308409, 14.4627, 16.9711, -0.0809848
11094, -0.0308409, 14.4627, 16.9711, -0.0809848, -0.0313383, 14.4627, 16.9711, -0.0809848, -0.0318358, 14.4627, 16.9618, -0.0809848, -0.0308409
11115, 14.4627, 16.9587, -0.0809848, -0.0303435, 14.4627, 16.9618, -0.0809848, -0.029846, 14.4627, 16.968, -0.0809848, -0.0293486, 14.4627
11136, 16.968, -0.0809848, -0.0293486, 14.4627, 16.9649, -0.0809848, -0.0293486, 14.4648, 16.9649, -0.0809848, -0.0293486, 14.4648, 16.9649
11157, -0.0809848, -0.0323332, 14.4605, 16.9587, -0.0809848, -0.0318358, 14.4605, 16.9587, -0.0809848, -0.0318358, 14.4605, 16.9587, -0.0809848
11178, -0.0318358, 14.4605, 16.9587, -0.0809848, -0.0318358, 14.4605, 16.9587, -0.0809848, -0.0318358, 14.4605, 16.9587, -0.0809848, -0.0303435
11198, 14.467, 16.9649, -0.0944823, -0.0303435, 14.467, 16.9649, -0.0944823, -0.0308409, 14.4627, 16.9649, -0.0944823, -0.0308409, 14.4627
11218, 16.9649, -0.0944823, -0.0308409, 14.4627, 16.9649, -0.0944823, -0.0308409, 14.4627, 16.9649, -0.0944823, -0.0308409, 14.4627, 16.9649
11238, -0.0944823, -0.0308409, 14.4627, 16.9649, -0.0944823, -0.0308409, 14.4627, 16.9649, -0.0944823, -0.0313383, 14.4605, 16.9556, -0.0944823
11258, -0.0313383, 14.4605, 16.9556, -0.0944823, -0.0313383, 14.4605, 16.9556, -0.0944823, -0.0313383, 14.4605, 16.9556, -0.0944823, -0.0313383
11278, 14.4605, 16.9556, -0.0944823, -0.0313383, 14.4605, 16.9556, -0.0944823, -0.0313383, 14.4605, 16.9556, -0.0944823, -0.0318358, 14.4627
11298, 16.9525, -0.0944823, -0.0318358, 14.4627, 16.9525, -0.0944823, -0.0318358, 14.4627, 16.9525, -0.0944823, -0.0318358, 14.4627, 16.9525
11318, -0.0944823, -0.0318358, 14.4627, 16.9525, -0.0944823, -0.0318358, 14.4627, 16.9525, -0.0944823, -0.0318358, 14.4627, 16.9525, -0.0944823
11338, -0.0318358, 14.4648, 16.9525, -0.0944823, -0.0318358, 14.4648, 16.9525, -0.0944823, -0.0318358, 14.4648, 16.9525, -0.0944823, -0.0318358
11358, 14.4648, 16.9525, -0.0944823, -0.0318358, 14.4648, 16.9525, -0.0944823, -0.0318358, 14.4648, 16.9525, -0.0944823, -0.0323332, 14.4648
11378, 16.9525, -0.0944823, -0.0323332, 14.4648, 16.9525, -0.0944823, -0.0323332, 14.4648, 16.9525, -0.0944823, -0.0323332, 14.4648, 16.9525
11398, -0.0944823, -0.0323332, 14.4648, 16.9525, -0.0944823, -0.0323332, 14.4648, 16.9525, -0.0944823, -0.0323332, 14.4648, 16.9525, -0.0944823
11418, -0.0313383, 14.4648, 16.9587, -0.0944823, -0.0313383, 14.4648, 16.9587, -0.0944823, -0.0313383, 14.4648, 16.9587, -0.0944823, -0.0313383
11438, 14.4648, 16.9587, -0.0944823, -0.0313383, 14.4648, 16.9587, -0.0944823, -0.0313383, 14.4648, 16.9587, -0.0944823, -0.0313383, 14.4648
11458, 16.9587, -0.0809848, -0.0303435, 14.4627, 16.9587, -0.0809848, -0.0303435, 14.4627, 16.9587, -0.0809848, -0.0303435, 14.4627, 16.9587
11519, -0.0293486, 14.4648, 16.9649, -0.0809848, -0.0308409, 14.4627, 16.9618, -0.0809848, -0.0303435, 14.4648, 16.968, -0.0809848, -0.0303435
11539, 14.4648, 16.968, -0.0809848, -0.0303435, 14.4648, 16.968, -0.0809848, -0.0308409, 14.4627, 16.9649, -0.0809848, -0.0313383, 14.4627
11559, 16.9618, -0.0809848, -0.0318358, 14.4627, 16.9618, -0.0809848, -0.0308409, 14.4627, 16.9649, -0.0809848, -0.0308409, 14.4627, 16.9649
11579, -0.0809848, -0.0308409, 14.4627, 16.968, -0.0809848, -0.0313383, 14.4648, 16.9711, -0.0809848, -0.0313383, 14.4648, 16.9711, -0.0809848
11599, -0.0318358, 14.4648, 16.9711, -0.0809848, -0.0318358, 14.4627, 16.9711, -0.0809848, -0.0313383, 14.4627, 16.968, -0.0809848, -0.0313383
11619, 14.4627, 16.9649, -0.0809848, -0.0313383, 14.4627, 16.9587, -0.0809848, -0.0313383, 14.4648, 16.9618, -0.0809848, -0.0313383, 14.4648
11639, 16.9618, -0.0809848, -0.0313383, 14.4648, 16.9742, -0.0809848, -0.0323332, 14.4648, 16.9804, -0.0809848, -0.0323332, 14.4648, 16.9804
11659, -0.0809848, -0.0323332, 14.4605, 16.9587, -0.0809848, -0.0318358, 14.4605, 16.9587, -0.0809848, -0.0318358, 14.4605, 16.9587, -0.0809848
11679, -0.0318358, 14.4605, 16.9587, -0.0809848, -0.0318358, 14.4605, 16.9587, -0.0809848, -0.0318358, 14.4605, 16.9587, -0.0809848, -0.0303435
11700, 14.467, 16.9649, -0.0944823, -0.0303435, 14.467, 16.9649, -0.0944823, -0.0308409, 14.4627, 16.9649, -0.0944823, -0.0308409, 14.4627
11720, 16.9649, -0.0944823, -0.0308409, 14.4627, 16.9649, -0.0944823, -0.0308409, 14.4627, 16.9649, -0.0944823, -0.0308409, 14.4627, 16.9649
11740, -0.0944823, -0.0308409, 14.4627, 16.9649, -0.0944823, -0.0308409, 14.4627, 16.9649, -0.0944823, -0.0313383, 14.4605, 16.9556, -0.0944823
11760, -0.0313383, 14.4605, 16.9556, -0.0944823, -0.0313383, 14.4605, 16.9556, -0.0944823, -0.0313383, 14.4605, 16.9556, -0.0944823, -0.0313383
11780, 14.4605, 16.9556, -0.0944823, -0.0313383, 14.4605, 16.9556, -0.0944823, -0.0313383, 14.4605, 16.9556, -0.0944823, -0.0318358, 14.4627
11801, 16.9525, -0.0944823, -0.0318358, 14.4627, 16.9525, -0.0944823, -0.0318358, 14.4627, 16.9525, -0.0944823, -0.0318358, 14.4627, 16.9525
11822, -0.0944823, -0.0318358, 14.4627, 16.9525, -0.0944823, -0.0318358, 14.4627, 16.9525, -0.0944823, -0.0318358, 14.4627, 16.9525, -0.0944823
11843, -0.0318358, 14.4648, 16.9525, -0.0944823, -0.0318358, 14.4648, 16.9525, -0.0944823, -0.0318358, 14.4648, 16.9525, -0.0944823, -0.0318358
11864, 14.4648, 16.9525, -0.0944823, -0.0318358, 14.4648, 16.9525, -0.0944823, -0.0318358, 14.4648, 16.9525, -0.0944823, -0.0323332, 14.4648
11885, 16.9525, -0.0944823, -0.0323332, 14.4648, 16.9525, -0.0944823, -0.0323332, 14.4648, 16.9525, -0.0944823, -0.0323332, 14.4648, 16.9525
11906, -0.0944823, -0.0323332, 14.4648, 16.9525, -0.0944823, -0.0323332, 14.4648, 16.9525, -0.0944823, -0.0323332, 14.4648, 16.9525, -0.0944823
11927, -0.0313383, 14.4648, 16.9587, -0.0944823, -0.0313383, 14.4648, 16.9587, -0.0944823, -0.0313383, 14.4648, 16.9587, -0.0944823, -0.0313383
11948, 14.4648, 16.9587, -0.0944823, -0.0313383, 14.4648, 16.9587, -0.0944823, -0.0313383, 14.4648, 16.9587, -0.0944823, -0.0313383, 14.4648
11969, 16.9587, -0.0809848, -0.0303435, 14.4627, 16.9587, -0.0809848, -0.0303435, 14.4627, 16.9587, -0.0809848, -0.0303435, 14.4627, 16.9587
12011, -0.0323332, 14.4648, 16.9804, -0.0809848, -0.0328306, 14.4627, 16.9711, -0.0809848, -0.0328306, 14.4627, 16.968, -0.0809848, -0.0323332
12032, 14.4648, 16.9711, -0.0809848, -0.0313383, 14.4648, 16.9742, -0.0809848, -0.0313383, 14.4648, 16.9742, -0.0809848, -0.0308409, 14.4648
12052, 16.968, -0.0809848, -0.0308409, 14.4627, 16.9649, -0.0809848, -0.0308409, 14.4627, 16.9618, -0.0809848, -0.0308409, 14.4605, 16.9618
12072, -0.0809848, -0.0308409, 14.4605, 16.9649, -0.0809848, -0.0318358, 14.4605, 16.9649, -0.0809848, -0.0318358, 14.4605, 16.9587, -0.0809848
12092, -0.0318358, 14.4605, 16.9587, -0.0809848, -0.0323332, 14.4605, 16.9556, -0.0809848, -0.0323332, 14.4605, 16.9556, -0.0809848, -0.0328306
12112, 14.4605, 16.9587, -0.0809848, -0.0328306, 14.4605, 16.9587, -0.0809848, -0.0328306, 14.4605, 16.9525, -0.0809848, -0.0328306, 14.4605
12132, 16.9494, -0.0809848, -0.0328306, 14.4605, 16.9494, -0.0809848, -0.0328306, 14.4605, 16.9494, -0.0809848, -0.0328306, 14.4605, 16.9556
12152, -0.0809848, -0.0328306, 14.4605, 16.968, -0.0809848, -0.0328306, 14.4605, 16.968, -0.0809848, -0.0318358, 14.4605, 16.9587, -0.0809848
12172, -0.0318358, 14.4605, 16.9587, -0.0809848, -0.0318358, 14.4605, 16.9587, -0.0809848, -0.0318358, 14.4605, 16.9587, -0.0809848, -0.0303435
12192, 14.467, 16.9649, -0.0944823, -0.0303435, 14.467, 16.9649, -0.0944823, -0.0308409, 14.4627, 16.9649, -0.0944823, -0.0308409, 14.4627
12212, 16.9649, -0.0944823, -0.0308409, 14.4627, 16.9649, -0.0944823, -0.0308409, 14.4627, 16.9649, -0.0944823, -0.0308409, 14.4627, 16.9649
12232, -0.0944823, -0.0308409, 14.4627, 16.9649, -0.0944823, -0.0308409, 14.4627, 16.9649, -0.0944823, -0.0313383, 14.4605, 16.9556, -0.0944823
12252, -0.0313383, 14.4605, 16.9556, -0.0944823, -0.0313383, 14.4605, 16.9556, -0.0944823, -0.0313383, 14.4605, 16.9556, -0.0944823, -0.0313383
12272, 14.4605, 16.9556, -0.0944823, -0.0313383, 14.4605, 16.9556, -0.0944823, -0.0313383, 14.4605, 16.9556, -0.0944823, -0.0318358, 14.4627
12292, 16.9525, -0.0944823, -0.0318358, 14.4627, 16.9525, -0.0944823, -0.0318358, 14.4627, 16.9525, -0.0944823, -0.0318358, 14.4627, 16.9525
12312, -0.0944823, -0.0318358, 14.4627, 16.9525, -0.0944823, -0.0318358, 14.4627, 16.9525, -0.0944823, -0.0318358, 14.4627, 16.9525, -0.0944823
12332, -0.0318358, 14.4648, 16.9525, -0.0944823, -0.0318358, 14.4648, 16.9525, -0.0944823, -0.0318358, 14.4648, 16.9525, -0.0944823, -0.0318358
12352, 14.4648, 16.9525, -0.0944823, -0.0318358, 14.4648, 16.9525, -0.0944823, -0.0318358, 14.4648, 16.9525, -0.0944823, -0.0323332, 14.4648
12372, 16.9525, -0.0944823, -0.0323332, 14.4648, 16.9525, -0.0944823, -0.0323332, 14.4648, 16.9525, -0.0944823, -0.0323332, 14.4648, 16.9525
12392, -0.0944823, -0.0323332, 14.4648, 16.9525, -0.0944823, -0.0323332, 14.4648, 16.9525, -0.0944823, -0.0323332, 14.4648, 16.9525, -0.0944823
12412, -0.0313383, 14.4648, 16.9587, -0.0944823, -0.0313383, 14.4648, 16.9587, -0.0944823, -0.0313383, 14.4648, 16.9587, -0.0944823, -0.0313383
12432, 14.4648, 16.9587, -0.0944823, -0.0313383, 14.4648, 16.9587, -0.0944823, -0.0313383, 14.4648, 16.9587, -0.0944823, -0.0313383, 14.4648
12452, 16.9587, -0.0809848, -0.0303435, 14.4627, 16.9587, -0.0809848, -0.0303435, 14.4627, 16.9587, -0.0809848, -0.0303435, 14.4627, 16.9587
12472, -0.0809848, -0.0303435, 14.4627, 16.9587, -0.0809848, -0.0303435, 14.4627, 16.9587, -0.0809848, -0.0303435, 14.4627, 16.9587, -0.0809848
12492, -0.0303435, 14.4627, 16.9587, -0.0809848, -0.029846, 14.4605, 16.9649, -0.0809848, -0.029846, 14.4605, 16.9649, -0.0809848, -0.029846
12513, 0, 0, 0, -0.0809848, 0.000497434, 0, 0.00209622, -0.0809848, 0.000497434, 0, 0.00209622, -0.0809848, 0.000497434
12534, 0, 0.00209622, -0.0809848, 0.000497434, 0, 0.00209622, -0.0809848, 0.000994868, 0, 0.00209622, -0.0809848, 0.000994868, 0
12555, 0, -0.0809848, 0.000994868, 0, -0.00104811, -0.0809848, 0.000994868, 0.00247472, -0.00209622, -0.0809848, 0.0014923, 0.00371207, -0.00314433
12576, -0.0809848, 0.00198974, 0.00123736, -0.00419245, -0.0809848, 0.00248717, 0, -0.00419245, -0.0809848, 0.0014923, 0, -0.00524056, -0.0809848
12597, 0.0014923, 0, -0.00524056, -0.0809848, 0.00198974, 0, -0.00314433, -0.0809848, 0.00198974, 0, -0.00209622, -0.0809848, 0.00198974
12618, 0, -0.00104811, -0.0809848, 0.00198974, 0.00123736, 0, -0.0809848, 0.00198974, 0.00247472, 0.00104811, -0.0809848, 0.00198974, 0.00247472
12639, 0.00209622, -0.0809848, 0.00198974, 0.00247472, 0.00314433, -0.0809848, 0.00248717, 0.00494943, 0.00314433, -0.0809848, 0.0029846, 0.00371207, 0
12659, -0.0809848, 0.0029846, 0.00371207, -0.00104811, -0.0809848, 0.0029846, 0.00247472, -0.00209622, -0.0809848, 0.0029846, 0.00247472, -0.00209622, -0.0809848
12679, -0.0318358, 14.4605, 16.9587, -0.0809848, -0.0318358, 14.4605, 16.9587, -0.0809848, -0.0318358, 14.4605, 16.9587, -0.0809848, -0.0303435
12699, 14.467, 16.9649, -0.0944823, -0.0303435, 14.467, 16.9649, -0.0944823, -0.0308409, 14.4627, 16.9649, -0.0944823, -0.0308409, 14.4627
12719, 16.9649, -0.0944823, -0.0308409, 14.4627, 16.9649, -0.0944823, -0.0308409, 14.4627, 16.9649, -0.0944823, -0.0308409, 14.4627, 16.9649
12740, -0.0944823, -0.0308409, 14.4627, 16.9649, -0.0944823, -0.0308409, 14.4627, 16.9649, -0.0944823, -0.0313383, 14.4605, 16.9556, -0.0944823
12761, -0.0313383, 14.4605, 16.9556, -0.0944823, -0.0313383, 14.4605, 16.9556, -0.0944823, -0.0313383, 14.4605, 16.9556, -0.0944823, -0.0313383
12782, 14.4605, 16.9556, -0.0944823, -0.0313383, 14.4605, 16.9556, -0.0944823, -0.0313383, 14.4605, 16.9556, -0.0944823, -0.0318358, 14.4627
12803, 16.9525, -0.0944823, -0.0318358, 14.4627, 16.9525, -0.0944823, -0.0318358, 14.4627, 16.9525, -0.0944823, -0.0318358, 14.4627, 16.9525
12824, -0.0944823, -0.0318358, 14.4627, 16.9525, -0.0944823, -0.0318358, 14.4627, 16.9525, -0.0944823, -0.0318358, 14.4627, 16.9525, -0.0944823
12845, -0.0318358, 14.4648, 16.9525, -0.0944823, -0.0318358, 14.4648, 16.9525, -0.0944823, -0.0318358, 14.4648, 16.9525, -0.0944823, -0.0318358
12866, 14.4648, 16.9525, -0.0944823, -0.0318358, 14.4648, 16.9525, -0.0944823, -0.0318358, 14.4648, 16.9525, -0.0944823, -0.0323332, 14.4648
12887, 16.9525, -0.0944823, -0.0323332, 14.4648, 16.9525, -0.0944823, -0.0323332, 14.4648, 16.9525, -0.0944823, -0.0323332, 14.4648, 16.9525
12908, -0.0944823, -0.0323332, 14.4648, 16.9525, -0.0944823, -0.0323332, 14.4648, 16.9525, -0.0944823, -0.0323332, 14.4648, 16.9525, -0.0944823
12929, -0.0313383, 14.4648, 16.9587, -0.0944823, -0.0313383, 14.4648, 16.9587, -0.0944823, -0.0313383, 14.4648, 16.9587, -0.0944823, -0.0313383
12950, 14.4648, 16.9587, -0.0944823, -0.0313383, 14.4648, 16.9587, -0.0944823, -0.0313383, 14.4648, 16.9587, -0.0944823, -0.0313383, 14.4648
12970, 16.9587, -0.0809848, -0.0303435, 14.4627, 16.9587, -0.0809848, -0.0303435, 14.4627, 16.9587, -0.0809848, -0.0303435, 14.4627, 16.9587
12990, -0.0809848, -0.0303435, 14.4627, 16.9587, -0.0809848, -0.0303435, 14.4627, 16.9587, -0.0809848, -0.0303435, 14.4627, 16.9587, -0.0809848
13010, -0.0303435, 14.4627, 16.9587, -0.0809848, -0.029846, 14.4605, 16.9649, -0.0809848, -0.029846, 14.4605, 16.9649, -0.0809848, -0.029846
13030, 14.4605, 16.9649, -0.0809848, -0.029846, 14.4605, 16.9649, -0.0809848, -0.029846, 14.4605, 16.9649, -0.0809848, -0.029846, 14.4605
13091, 0.0029846, 0.00247472, -0.00209622, -0.0809848, 0.00198974, 0.00123736, -0.00104811, -0.0809848, 0.00198974, 0.00123736, -0.00104811, -0.0809848, 0.00198974
13111, 0.00123736, 0, -0.0809848, 0.0014923, 0.00123736, -0.00104811, -0.0809848, 0.00198974, 0.00123736, -0.00104811, -0.0809848, 0.00198974, 0.00123736
13131, -0.00104811, -0.0809848, 0.0014923, 0.00123736, -0.00104811, -0.0809848, 0.000994868, 0.00123736, -0.00209622, -0.0809848, 0.000994868, 0.00247472, -0.00314433
13151, -0.0809848, 0.000994868, 0.00247472, -0.00314433, -0.0809848, 0.000994868, 0.00123736, -0.00209622, -0.0809848, 0.000994868, 0.00247472, -0.00209622, -0.0809848
13171, 0.000994868, 0.00247472, -0.00104811, -0.0809848, 0.000994868, 0.00247472, -0.00104811, -0.0809848, 0.000994868, 0.00247472, -0.00104811, -0.0809848, 0.000994868
13191, 0.00123736, 0, -0.0809848, 0.000994868, 0, -0.00104811, -0.0809848, 0.000994868, 0, -0.00104811, -0.0809848, 0.000994868, 0
13211, -0.00209622, -0.0809848, 0.00248717, 0.00123736, -0.00314433, -0.0809848, 0.00348204, 0.00247472, -0.00209622, -0.0809848, 0.00348204, 0.00247472, -0.00209622
13232, -0.0809848, 0.0029846, 0.00123736, -0.00209622, -0.0809848, 0.0029846, 0.00247472, -0.00209622, -0.0809848, 0.0029846, 0.00247472, -0.00209622, -0.0809848
13253, -0.0318358, 14.4605, 16.9587, -0.0809848, -0.0318358, 14.4605, 16.9587, -0.0809848, -0.0318358, 14.4605, 16.9587, -0.0809848, -0.0303435
13274, 14.467, 16.9649, -0.0944823, -0.0303435, 14.467, 16.9649, -0.0944823, -0.0308409, 14.4627, 16.9649, -0.0944823, -0.0308409, 14.4627
13295, 16.9649, -0.0944823, -0.0308409, 14.4627, 16.9649, -0.0944823, -0.0308409, 14.4627, 16.9649, -0.0944823, -0.0308409, 14.4627, 16.9649
13316, -0.0944823, -0.0308409, 14.4627, 16.9649, -0.0944823, -0.0308409, 14.4627, 16.9649, -0.0944823, -0.0313383, 14.4605, 16.9556, -0.0944823
13337, -0.0313383, 14.4605, 16.9556, -0.0944823, -0.0313383, 14.4605, 16.9556, -0.0944823, -0.0313383, 14.4605, 16.9556, -0.0944823, -0.0313383
13358, 14.4605, 16.9556, -0.0944823, -0.0313383, 14.4605, 16.9556, -0.0944823, -0.0313383, 14.4605, 16.9556, -0.0944823, -0.0318358, 14.4627
13379, 16.9525, -0.0944823, -0.0318358, 14.4627, 16.9525, -0.0944823, -0.0318358, 14.4627, 16.9525, -0.0944823, -0.0318358, 14.4627, 16.9525
13400, -0.0944823, -0.0318358, 14.4627, 16.9525, -0.0944823, -0.0318358, 14.4627, 16.9525, -0.0944823, -0.0318358, 14.4627, 16.9525, -0.0944823
13421, -0.0318358, 14.4648, 16.9525, -0.0944823, -0.0318358, 14.4648, 16.9525, -0.0944823, -0.0318358, 14.4648, 16.9525, -0.0944823, -0.0318358
13442, 14.4648, 16.9525, -0.0944823, -0.0318358, 14.4648, 16.9525, -0.0944823, -0.0318358, 14.4648, 16.9525, -0.0944823, -0.0323332, 14.4648
13463, 16.9525, -0.0944823, -0.0323332, 14.4648, 16.9525, -0.0944823, -0.0323332, 14.4648, 16.9525, -0.0944823, -0.0323332, 14.4648, 16.9525
13484, -0.0944823, -0.0323332, 14.4648, 16.9525, -0.0944823, -0.0323332, 14.4648, 16.9525, -0.0944823, -0.0323332, 14.4648, 16.9525, -0.0944823
13505, -0.0313383, 14.4648, 16.9587, -0.0944823, -0.0313383, 14.4648, 16.9587, -0.0944823, -0.0313383, 14.4648, 16.9587, -0.0944823, -0.0313383
13526, 14.4648, 16.9587, -0.0944823, -0.0313383, 14.4648, 16.9587, -0.0944823, -0.0313383, 14.4648, 16.9587, -0.0944823, -0.0313383, 14.4648
13547, 16.9587, -0.0809848, -0.0303435, 14.4627, 16.9587, -0.0809848, -0.0303435, 14.4627, 16.9587, -0.0809848, -0.0303435, 14.4627, 16.9587
13547, -0.0809848, -0.0303435, 14.4627, 16.9587, -0.0809848, -0.0303435, 14.4627, 16.9587, -0.0809848, -0.0303435, 14.4627, 16.9587, -0.0809848
13547, 0.0029846, 0.00123736, -0.00209622, -0.0809848, 0.00248717, 0.00123736, -0.00419245, -0.0809848, 0.00198974, 0, -0.00524056, -0.0809848, 0.0014923
13568, 0, -0.00628867, -0.0809848, 0.0014923, 0, -0.00419245, -0.0809848, 0.00198974, 0, -0.00209622, -0.0809848, 0.00198974, 0
13589, -0.00104811, -0.0809848, 0.000994868, 0, 0, -0.0809848, 0.000497434, 0, -0.00104811, -0.0809848, 0.000497434, 0, 0
13610, -0.0809848, 0.000994868, 0, -0.00104811, -0.0809848, 0.000994868, 0, -0.00104811, -0.0809848, 0.000994868, 0, -0.00209622, -0.0809848
13631, 0.000994868, 0, -0.00209622, -0.0809848, 0.00198974, 0, 0.00104811, -0.0809848, 0.00198974, 0.00123736, 0.00209622, -0.0809848, 0.00198974
13652, 0.00123736, 0, -0.0809848, 0.0014923, 0.00247472, -0.00104811, -0.0809848, 0.000994868, 0.00371207, -0.00209622, -0.0809848, 0.000994868, 0.00371207
13673, -0.00209622, -0.0809848, 0.00198974, 0.00247472, -0.00209622, -0.0809848, 0.00198974, 0.00123736, -0.00209622, -0.0809848, 0.00198974, 0.00247472, -0.00104811
13693, -0.0809848, 0.0014923, 0.00371207, -0.00209622, -0.0809848, 0.000994868, 0.00123736, -0.00209622, -0.0809848, 0.000994868, 0.00123736, -0.00209622, -0.0809848
13713, -0.0318358, 14.4605, 16.9587, -0.0809848, -0.0318358, 14.4605, 16.9587, -0.0809848, -0.0318358, 14.4605, 16.9587, -0.0809848, -0.0303435
13733, 14.467, 16.9649, -0.0944823, -0.0303435, 14.467, 16.9649, -0.0944823, -0.0308409, 14.4627, 16.9649, -0.0944823, -0.0308409, 14.4627
13753, 16.9649, -0.0944823, -0.0308409, 14.4627, 16.9649, -0.0944823, -0.0308409, 14.4627, 16.9649, -0.0944823, -0.0308409, 14.4627, 16.9649
13773, -0.0944823, -0.0308409, 14.4627, 16.9649, -0.0944823, -0.0308409, 14.4627, 16.9649, -0.0944823, -0.0313383, 14.4605, 16.9556, -0.0944823
13793, -0.0313383, 14.4605, 16.9556, -0.0944823, -0.0313383, 14.4605, 16.9556, -0.0944823, -0.0313383, 14.4605, 16.9556, -0.0944823, -0.0313383
13813, 14.4605, 16.9556, -0.0944823, -0.0313383, 14.4605, 16.9556, -0.0944823, -0.0313383, 14.4605, 16.9556, -0.0944823, -0.0318358, 14.4627
13833, 16.9525, -0.0944823, -0.0318358, 14.4627, 16.9525, -0.0944823, -0.0318358, 14.4627, 16.9525, -0.0944823, -0.0318358, 14.4627, 16.9525
13853, -0.0944823, -0.0318358, 14.4627, 16.9525, -0.0944823, -0.0318358, 14.4627, 16.9525, -0.0944823, -0.0318358, 14.4627, 16.9525, -0.0944823
13873, -0.0318358, 14.4648, 16.9525, -0.0944823, -0.0318358, 14.4648, 16.9525, -0.0944823, -0.0318358, 14.4648, 16.9525, -0.0944823, -0.0318358
13893, 14.4648, 16.9525, -0.0944823, -0.0318358, 14.4648, 16.9525, -0.0944823, -0.0318358, 14.4648, 16.9525, -0.0944823, -0.0323332, 14.4648
13913, 16.9525, -0.0944823, -0.0323332, 14.4648, 16.9525, -0.0944823, -0.0323332, 14.4648, 16.9525, -0.0944823, -0.0323332, 14.4648, 16.9525
13933, -0.0944823, -0.0323332, 14.4648, 16.9525, -0.0944823, -0.0323332, 14.4648, 16.9525, -0.0944823, -0.0323332, 14.4648, 16.9525, -0.0944823
13953, -0.0313383, 14.4648, 16.9587, -0.0944823, -0.0313383, 14.4648, 16.9587, -0.0944823, -0.0313383, 14.4648, 16.9587, -0.0944823, -0.0313383
13973, 14.4648, 16.9587, -0.0944823, -0.0313383, 14.4648, 16.9587, -0.0944823, -0.0313383, 14.4648, 16.9587, -0.0944823, -0.0313383, 14.4648
13993, 16.9587, -0.0809848, -0.0303435, 14.4627, 16.9587, -0.0809848, -0.0303435, 14.4627, 16.9587, -0.0809848, -0.0303435, 14.4627, 16.9587
14013, -0.0809848, -0.0303435, 14.4627, 16.9587, -0.0809848, -0.0303435, 14.4627, 16.9587, -0.0809848, -0.0303435, 14.4627, 16.9587, -0.0809848
14033, -0.0303435, 14.4627, 16.9587, -0.0809848, -0.029846, 14.4605, 16.9649, -0.0809848, -0.029846, 14.4605, 16.9649, -0.0809848, -0.029846
14053, 14.4605, 16.9649, -0.0809848, -0.029846, 14.4605, 16.9649, -0.0809848, -0.029846, 14.4605, 16.9649, -0.0809848, -0.029846, 14.4605
14114, 0.000994868, 0.00123736, -0.00209622, -0.0809848, 0.000994868, 0, -0.00209622, -0.0809848, 0.000994868, 0.00123736, -0.00209622, -0.0809848, 0.000994868
14134, 0.00123736, -0.00209622, -0.0809848, 0.00198974, 0.00123736, -0.00209622, -0.0809848, 0.00248717, 0.00123736, -0.00209622, -0.0809848, 0.00248717, 0.00123736
14154, -0.00209622, -0.0809848, 0.00248717, 0.00123736, -0.00209622, -0.0809848, 0.00248717, 0.00247472, -0.00104811, -0.0809848, 0.00248717, 0.00247472, -0.00104811
14174, -0.0809848, 0.00248717, 0.00371207, -0.00104811, -0.0809848, 0.00248717, 0.00247472, -0.00104811, -0.0809848, 0.00248717, 0.00247472, -0.00104811, -0.0809848
14195, 0.00248717, 0.00247472, 0.00104811, -0.0809848, 0.00198974, 0.00123736, 0.00209622, -0.0809848, 0.00248717, 0.00247472, 0.00209622, -0.0809848, 0.0014923
14216, 0.00123736, 0.00104811, -0.0809848, 0.00248717, 0.00123736, 0.00104811, -0.0809848, 0.0014923, 0.00123736, 0.00104811, -0.0809848, 0.000994868, 0.00123736
14237, 0.00104811, -0.0809848, 0.000994868, 0, 0.00104811, -0.0809848, 0.000994868, 0, 0.00104811, -0.0809848, 0.000994868, 0, 0.00104811
14258, -0.0809848, 0.0014923, 0.00371207, -0.00209622, -0.0809848, 0.000994868, 0.00123736, -0.00209622, -0.0809848, 0.000994868, 0.00123736, -0.00209622, -0.0809848
14279, -0.0318358, 14.4605, 16.9587, -0.0809848, -0.0318358, 14.4605, 16.9587, -0.0809848, -0.0318358, 14.4605, 16.9587, -0.0809848, -0.0303435
14300, 14.467, 16.9649, -0.0944823, -0.0303435, 14.467, 16.9649, -0.0944823, -0.0308409, 14.4627, 16.9649, -0.0944823, -0.0308409, 14.4627
14321, 16.9649, -0.0944823, -0.0308409, 14.4627, 16.9649, -0.0944823, -0.0308409, 14.4627, 16.9649, -0.0944823, -0.0308409, 14.4627, 16.9649
14342, -0.0944823, -0.0308409, 14.4627, 16.9649, -0.0944823, -0.0308409, 14.4627, 16.9649, -0.0944823, -0.0313383, 14.4605, 16.9556, -0.0944823
14363, -0.0313383, 14.4605, 16.9556, -0.0944823, -0.0313383, 14.4605, 16.9556, -0.0944823, -0.0313383, 14.4605, 16.9556, -0.0944823, -0.0313383
14384, 14.4605, 16.9556, -0.0944823, -0.0313383, 14.4605, 16.9556, -0.0944823, -0.0313383, 14.4605, 16.9556, -0.0944823, -0.0318358, 14.4627
14405, 16.9525, -0.0944823, -0.0318358, 14.4627, 16.9525, -0.0944823, -0.0318358, 14.4627, 16.9525, -0.0944823, -0.0318358, 14.4627, 16.9525
14426, -0.0944823, -0.0318358, 14.4627, 16.9525, -0.0944823, -0.0318358, 14.4627, 16.9525, -0.0944823, -0.0318358, 14.4627, 16.9525, -0.0944823
14447, -0.0318358, 14.4648, 16.9525, -0.0944823, -0.0318358, 14.4648, 16.9525, -0.0944823, -0.0318358, 14.4648, 16.9525, -0.0944823, -0.0318358
14468, 14.4648, 16.9525, -0.0944823, -0.0318358, 14.4648, 16.9525, -0.0944823, -0.0318358, 14.4648, 16.9525, -0.0944823, -0.0323332, 14.4648
14489, 16.9525, -0.0944823, -0.0323332, 14.4648, 16.9525, -0.0944823, -0.0323332, 14.4648, 16.9525, -0.0944823, -0.0323332, 14.4648, 16.9525
14510, -0.0944823, -0.0323332, 14.4648, 16.9525, -0.0944823, -0.0323332, 14.4648, 16.9525, -0.0944823, -0.0323332, 14.4648, 16.9525, -0.0944823
14531, -0.0313383, 14.4648, 16.9587, -0.0944823, -0.0313383, 14.4648, 16.9587, -0.0944823, -0.0313383, 14.4648, 16.9587, -0.0944823, -0.0313383
14552, 14.4648, 16.9587, -0.0944823, -0.0313383, 14.4648, 16.9587, -0.0944823, -0.0313383, 14.4648, 16.9587, -0.0944823, -0.0313383, 14.4648
14572, 16.9587, -0.0809848, -0.0303435, 14.4627, 16.9587, -0.0809848, -0.0303435, 14.4627, 16.9587, -0.0809848, -0.0303435, 14.4627, 16.9587
14612, 0.000994868, 0, 0.00104811, -0.0809848, 0.00198974, 0, 0.00104811, -0.0809848, 0.0014923, 0, 0.00209622, -0.0809848, 0.0014923
14632, 0, 0.00209622, -0.0809848, 0.0014923, 0, 0.00104811, -0.0809848, 0.0014923, 0, 0.00104811, -0.0809848, 0.0014923, 0
14652, 0.00104811, -0.0809848, 0.0014923, 0, 0.00104811, -0.0809848, 0.000994868, 0, 0.00104811, -0.0809848, 0.000994868, 0, 0.00104811
14672, -0.0809848, 0.000994868, 0, -0.00104811, -0.0809848, 0.000994868, 0, -0.00209622, -0.0809848, 0.00198974, 0, -0.00419245, -0.0809848
14692, 0.00248717, 0, -0.00524056, -0.0809848, 0.00248717, 0, -0.00524056, -0.0809848, 0.00248717, 0, -0.00524056, -0.0809848, 0.00198974
14713, 0, -0.00209622, -0.0809848, 0.0014923, 0, -0.00209622, -0.0809848, 0.0014923, 0, -0.00209622, -0.0809848, 0.0014923, 0
14734, 0, -0.0809848, 0.0014923, 0, 0.00104811, -0.0809848, 0.000994868, 0.00123736, 0.00104811, -0.0809848, 0.000994868, 0.00123736, 0
14755, -0.0809848, 0.000994868, 0.00123736, 0, -0.0809848, 0.000994868, 0.00123736, -0.00209622, -0.0809848, 0.000994868, 0.00123736, -0.00209622, -0.0809848
14776, -0.0318358, 14.4605, 16.9587, -0.0809848, -0.0318358, 14.4605, 16.9587, -0.0809848, -0.0318358, 14.4605, 16.9587, -0.0809848, -0.0303435
14797, 14.467, 16.9649, -0.0944823, -0.0303435, 14.467, 16.9649, -0.0944823, -0.0308409, 14.4627, 16.9649, -0.0944823, -0.0308409, 14.4627
14818, 16.9649, -0.0944823, -0.0308409, 14.4627, 16.9649, -0.0944823, -0.0308409, 14.4627, 16.9649, -0.0944823, -0.0308409, 14.4627, 16.9649
14839, -0.0944823, -0.0308409, 14.4627, 16.9649, -0.0944823, -0.0308409, 14.4627, 16.9649, -0.0944823, -0.0313383, 14.4605, 16.9556, -0.0944823
14859, -0.0313383, 14.4605, 16.9556, -0.0944823, -0.0313383, 14.4605, 16.9556, -0.0944823, -0.0313383, 14.4605, 16.9556, -0.0944823, -0.0313383
14879, 14.4605, 16.9556, -0.0944823, -0.0313383, 14.4605, 16.9556, -0.0944823, -0.0313383, 14.4605, 16.9556, -0.0944823, -0.0318358, 14.4627
14899, 16.9525, -0.0944823, -0.0318358, 14.4627, 16.9525, -0.0944823, -0.0318358, 14.4627, 16.9525, -0.0944823, -0.0318358, 14.4627, 16.9525
14919, -0.0944823, -0.0318358, 14.4627, 16.9525, -0.0944823, -0.0318358, 14.4627, 16.9525, -0.0944823, -0.0318358, 14.4627, 16.9525, -0.0944823
14939, -0.0318358, 14.4648, 16.9525, -0.0944823, -0.0318358, 14.4648, 16.9525, -0.0944823, -0.0318358, 14.4648, 16.9525, -0.0944823, -0.0318358
14959, 14.4648, 16.9525, -0.0944823, -0.0318358, 14.4648, 16.9525, -0.0944823, -0.0318358, 14.4648, 16.9525, -0.0944823, -0.0323332, 14.4648
14979, 16.9525, -0.0944823, -0.0323332, 14.4648, 16.9525, -0.0944823, -0.0323332, 14.4648, 16.9525, -0.0944823, -0.0323332, 14.4648, 16.9525
14999, -0.0944823, -0.0323332, 14.4648, 16.9525, -0.0944823, -0.0323332, 14.4648, 16.9525, -0.0944823, -0.0323332, 14.4648, 16.9525, -0.0944823
15019, -0.0313383, 14.4648, 16.9587, -0.0944823, -0.0313383, 14.4648, 16.9587, -0.0944823, -0.0313383, 14.4648, 16.9587, -0.0944823, -0.0313383
15039, 14.4648, 16.9587, -0.0944823, -0.0313383, 14.4648, 16.9587, -0.0944823, -0.0313383, 14.4648, 16.9587, -0.0944823, -0.0313383, 14.4648
15059, 16.9587, -0.0809848, -0.0303435, 14.4627, 16.9587, -0.0809848, -0.0303435, 14.4627, 16.9587, -0.0809848, -0.0303435, 14.4627, 16.9587
15079, -0.0809848, -0.0303435, 14.4627, 16.9587, -0.0809848, -0.0303435, 14.4627, 16.9587, -0.0809848, -0.0303435, 14.4627, 16.9587, -0.0809848
15121, 0.000994868, 0.00123736, 0, -0.0809848, 0.000994868, 0.00123736, -0.00104811, -0.0809848, 0.000994868, 0.00123736, -0.00209622, -0.0809848, 0.000994868
15142, 0.00123736, -0.00209622, -0.0809848, 0.000994868, 0.00123736, -0.00209622, -0.0809848, 0.000994868, 0.00123736, -0.00209622, -0.0809848, 0.000994868, 0.00123736
15163, -0.00209622, -0.0809848, 0.000497434, 0, 0, -0.0809848, 0.000994868, 0, 0.00104811, -0.0809848, 0.000994868, 0, 0.00209622
15184, -0.0809848, 0.000994868, 0, 0.00314433, -0.0809848, 0.0014923, 0, 0.00314433, -0.0809848, 0.0014923, 0, 0.00104811, -0.0809848
15205, 0.0014923, 0.00123736, 0.00419245, -0.0809848, 0.0014923, 0.00247472, 0.00104811, -0.0809848, 0.00198974, 0.00123736, 0.00209622, -0.0809848, 0.0014923
15226, 0.00123736, 0.00314433, -0.0809848, 0.0014923, 0.00123736, 0.00314433, -0.0809848, 0.0014923, 0.00123736, 0.00314433, -0.0809848, 0.0014923, 0
15247, 0.00314433, -0.0809848, 0.0014923, 0, 0.00314433, -0.0809848, 0.0014923, 0, 0.00314433, -0.0809848, 0.00248717, 0.00123736, 0.00314433
15268, -0.0809848, 0.00248717, 0.00123736, 0.00314433, -0.0809848, 0.000994868, 0.00123736, -0.00209622, -0.0809848, 0.000994868, 0.00123736, -0.00209622, -0.0809848
15289, -0.0318358, 14.4605, 16.9587, -0.0809848, -0.0318358, 14.4605, 16.9587, -0.0809848, -0.0318358, 14.4605, 16.9587, -0.0809848, -0.0303435
15310, 14.467, 16.9649, -0.0944823, -0.0303435, 14.467, 16.9649, -0.0944823, -0.0308409, 14.4627, 16.9649, -0.0944823, -0.0308409, 14.4627
15331, 16.9649, -0.0944823, -0.0308409, 14.4627, 16.9649, -0.0944823, -0.0308409, 14.4627, 16.9649, -0.0944823, -0.0308409, 14.4627, 16.9649
15352, -0.0944823, -0.0308409, 14.4627, 16.9649, -0.0944823, -0.0308409, 14.4627, 16.9649, -0.0944823, -0.0313383, 14.4605, 16.9556, -0.0944823
15372, -0.0313383, 14.4605, 16.9556, -0.0944823, -0.0313383, 14.4605, 16.9556, -0.0944823, -0.0313383, 14.4605, 16.9556, -0.0944823, -0.0313383
15392, 14.4605, 16.9556, -0.0944823, -0.0313383, 14.4605, 16.9556, -0.0944823, -0.0313383, 14.4605, 16.9556, -0.0944823, -0.0318358, 14.4627
15412, 16.9525, -0.0944823, -0.0318358, 14.4627, 16.9525, -0.0944823, -0.0318358, 14.4627, 16.9525, -0.0944823, -0.0318358, 14.4627, 16.9525
15432, -0.0944823, -0.0318358, 14.4627, 16.9525, -0.0944823, -0.0318358, 14.4627, 16.9525, -0.0944823, -0.0318358, 14.4627, 16.9525, -0.0944823
15452, -0.0318358, 14.4648, 16.9525, -0.0944823, -0.0318358, 14.4648, 16.9525, -0.0944823, -0.0318358, 14.4648, 16.9525, -0.0944823, -0.0318358
15472, 14.4648, 16.9525, -0.0944823, -0.0318358, 14.4648, 16.9525, -0.0944823, -0.0318358, 14.4648, 16.9525, -0.0944823, -0.0323332, 14.4648
15492, 16.9525, -0.0944823, -0.0323332, 14.4648, 16.9525, -0.0944823, -0.0323332, 14.4648, 16.9525, -0.0944823, -0.0323332, 14.4648, 16.9525
15512, -0.0944823, -0.0323332, 14.4648, 16.9525, -0.0944823, -0.0323332, 14.4648, 16.9525, -0.0944823, -0.0323332, 14.4648, 16.9525, -0.0944823
15532, -0.0313383, 14.4648, 16.9587, -0.0944823, -0.0313383, 14.4648, 16.9587, -0.0944823, -0.0313383, 14.4648, 16.9587, -0.0944823, -0.0313383
15552, 14.4648, 16.9587, -0.0944823, -0.0313383, 14.4648, 16.9587, -0.0944823, -0.0313383, 14.4648, 16.9587, -0.0944823, -0.0313383, 14.4648
15572, 16.9587, -0.0809848, -0.0303435, 14.4627, 16.9587, -0.0809848, -0.0303435, 14.4627, 16.9587, -0.0809848, -0.0303435, 14.4627, 16.9587
15592, -0.0809848, -0.0303435, 14.4627, 16.9587, -0.0809848, -0.0303435, 14.4627, 16.9587, -0.0809848, -0.0303435, 14.4627, 16.9587, -0.0809848
15613, 0.00248717, 0.00123736, 0.00314433, -0.0809848, 0.0029846, 0.00123736, 0.00209622, -0.0944823, 0.0029846, 0.00123736, 0.00209622, -0.0944823, 0.00248717
15633, 0.00123736, 0, -0.0944823, 0.00248717, 0.00123736, 0, -0.0944823, 0.00248717, 0.00371207, -0.00104811, -0.0944823, 0.00248717, 0.00494943
15653, -0.00209622, -0.0944823, 0.00198974, 0.00371207, -0.00314433, -0.0944823, 0.0014923, 0.00247472, -0.00314433, -0.0944823, 0.0014923, 0.00247472, -0.00104811
15673, -0.0944823, 0.0014923, 0.00247472, -0.00104811, -0.0944823, 0.000497434, 0.00123736, -0.00209622, -0.0944823, -0.000497434, 0, -0.00104811, -0.0944823
15693, -0.000497434, 0, -0.00209622, -0.0944823, 0, 0, -0.00104811, -0.0944823, 0, 0, 0, -0.0944823, 0
15713, 0, 0, -0.0944823, 0.000994868, 0.00123736, 0.00104811, -0.0944823, 0.000994868, 0.00123736, 0.00104811, -0.0944823, 0.000994868, 0.00123736
15733, 0.00104811, -0.0944823, 0.000994868, 0.00123736, 0.00104811, -0.0944823, 0.0014923, 0.00123736, 0, -0.0944823, 0.0014923, 0.00123736, 0
15753, -0.0944823, 0.00198974, 0.00123736, 0, -0.0944823, 0.00198974, 0.00123736, 0, -0.0944823, 0.00198974, 0.00123736, 0, -0.0944823
15773, -0.0318358, 14.4605, 16.9587, -0.0809848, -0.0318358, 14.4605, 16.9587, -0.0809848, -0.0318358, 14.4605, 16.9587, -0.0809848, -0.0303435
15793, 14.467, 16.9649, -0.0944823, -0.0303435, 14.467, 16.9649, -0.0944823, -0.0308409, 14.4627, 16.9649, -0.0944823, -0.0308409, 14.4627
15813, 16.9649, -0.0944823, -0.0308409, 14.4627, 16.9649, -0.0944823, -0.0308409, 14.4627, 16.9649, -0.0944823, -0.0308409, 14.4627, 16.9649
15833, -0.0944823, -0.0308409, 14.4627, 16.9649, -0.0944823, -0.0308409, 14.4627, 16.9649, -0.0944823, -0.0313383, 14.4605, 16.9556, -0.0944823
15853, -0.0313383, 14.4605, 16.9556, -0.0944823, -0.0313383, 14.4605, 16.9556, -0.0944823, -0.0313383, 14.4605, 16.9556, -0.0944823, -0.0313383
15873, 14.4605, 16.9556, -0.0944823, -0.0313383, 14.4605, 16.9556, -0.0944823, -0.0313383, 14.4605, 16.9556, -0.0944823, -0.0318358, 14.4627
15893, 16.9525, -0.0944823, -0.0318358, 14.4627, 16.9525, -0.0944823, -0.0318358, 14.4627, 16.9525, -0.0944823, -0.0318358, 14.4627, 16.9525
15913, -0.0944823, -0.0318358, 14.4627, 16.9525, -0.0944823, -0.0318358, 14.4627, 16.9525, -0.0944823, -0.0318358, 14.4627, 16.9525, -0.0944823
15933, -0.0318358, 14.4648, 16.9525, -0.0944823, -0.0318358, 14.4648, 16.9525, -0.0944823, -0.0318358, 14.4648, 16.9525, -0.0944823, -0.0318358
15953, 14.4648, 16.9525, -0.0944823, -0.0318358, 14.4648, 16.9525, -0.0944823, -0.0318358, 14.4648, 16.9525, -0.0944823, -0.0323332, 14.4648
15973, 16.9525, -0.0944823, -0.0323332, 14.4648, 16.9525, -0.0944823, -0.0323332, 14.4648, 16.9525, -0.0944823, -0.0323332, 14.4648, 16.9525
15993, -0.0944823, -0.0323332, 14.4648, 16.9525, -0.0944823, -0.0323332, 14.4648, 16.9525, -0.0944823, -0.0323332, 14.4648, 16.9525, -0.0944823
16013, -0.0313383, 14.4648, 16.9587, -0.0944823, -0.0313383, 14.4648, 16.9587, -0.0944823, -0.0313383, 14.4648, 16.9587, -0.0944823, -0.0313383
16033, 14.4648, 16.9587, -0.0944823, -0.0313383, 14.4648, 16.9587, -0.0944823, -0.0313383, 14.4648, 16.9587, -0.0944823, -0.0313383, 14.4648
16053, 16.9587, -0.0809848, -0.0303435, 14.4627, 16.9587, -0.0809848, -0.0303435, 14.4627, 16.9587, -0.0809848, -0.0303435, 14.4627, 16.9587
16073, -0.0809848, -0.0303435, 14.4627, 16.9587, -0.0809848, -0.0303435, 14.4627, 16.9587, -0.0809848, -0.0303435, 14.4627, 16.9587, -0.0809848
16093, -0.0303435, 14.4627, 16.9587, -0.0809848, -0.029846, 14.4605, 16.9649, -0.0809848, -0.029846, 14.4605, 16.9649, -0.0809848, -0.029846
16113, 14.4605, 16.9649, -0.0809848, -0.029846, 14.4605, 16.9649, -0.0809848, -0.029846, 14.4605, 16.9649, -0.0809848, -0.029846, 14.4605
16113, 0.00198974, 0.00123736, 0, -0.0944823, 0.00198974, 0.00123736, 0.00104811, -0.0944823, 0.0014923, 0.00123736, 0.00209622, -0.0944823, 0.0014923
16133, 0.00123736, 0.00314433, -0.0944823, 0.0014923, 0.00123736, 0.00314433, -0.0944823, 0.0014923, 0.00123736, 0.00314433, -0.0944823, 0.00198974, 0.00371207
16153, 0.00209622, -0.0944823, 0.00198974, 0.00494943, 0.00104811, -0.0944823, 0.00248717, 0.00247472, 0, -0.0944823, 0.00248717, 0.00123736, 0
16173, -0.0944823, 0.00248717, 0.00123736, 0, -0.0944823, 0.00248717, 0.00371207, 0, -0.0944823, 0.0029846, 0.00494943, -0.00104811, -0.0944823
16193, 0.0029846, 0.00371207, -0.00104811, -0.0944823, 0.0029846, 0.00247472, -0.00104811, -0.0944823, 0.0029846, 0.00123736, -0.00104811, -0.0944823, 0.0029846
16213, 0.00123736, -0.00104811, -0.0944823, 0.0029846, 0.00123736, -0.00104811, -0.0944823, 0.00248717, 0.00123736, 0, -0.0944823, 0.00248717, 0.00123736
16233, 0.00104811, -0.0944823, 0.0029846, 0.00123736, 0.00628867, -0.0944823, 0.00348204, 0.00123736, 0.00838489, -0.0944823, 0.00348204, 0.00123736, 0.00838489
16253, -0.0944823, 0.00348204, 0.00123736, 0.00733678, -0.0944823, 0.00248717, 0, 0.00314433, -0.0809848, 0.00248717, 0, 0.00314433, -0.0809848
16273, -0.0318358, 14.4605, 16.9587, -0.0809848, -0.0318358, 14.4605, 16.9587, -0.0809848, -0.0318358, 14.4605, 16.9587, -0.0809848, -0.0303435
16293, 14.467, 16.9649, -0.0944823, -0.0303435, 14.467, 16.9649, -0.0944823, -0.0308409, 14.4627, 16.9649, -0.0944823, -0.0308409, 14.4627
16313, 16.9649, -0.0944823, -0.0308409, 14.4627, 16.9649, -0.0944823, -0.0308409, 14.4627, 16.9649, -0.0944823, -0.0308409, 14.4627, 16.9649
16333, -0.0944823, -0.0308409, 14.4627, 16.9649, -0.0944823, -0.0308409, 14.4627, 16.9649, -0.0944823, -0.0313383, 14.4605, 16.9556, -0.0944823
16353, -0.0313383, 14.4605, 16.9556, -0.0944823, -0.0313383, 14.4605, 16.9556, -0.0944823, -0.0313383, 14.4605, 16.9556, -0.0944823, -0.0313383
16373, 14.4605, 16.9556, -0.0944823, -0.0313383, 14.4605, 16.9556, -0.0944823, -0.0313383, 14.4605, 16.9556, -0.0944823, -0.0318358, 14.4627
16393, 16.9525, -0.0944823, -0.0318358, 14.4627, 16.9525, -0.0944823, -0.0318358, 14.4627, 16.9525, -0.0944823, -0.0318358, 14.4627, 16.9525
16413, -0.0944823, -0.0318358, 14.4627, 16.9525, -0.0944823, -0.0318358, 14.4627, 16.9525, -0.0944823, -0.0318358, 14.4627, 16.9525, -0.0944823
16433, -0.0318358, 14.4648, 16.9525, -0.0944823, -0.0318358, 14.4648, 16.9525, -0.0944823, -0.0318358, 14.4648, 16.9525, -0.0944823, -0.0318358
16453, 14.4648, 16.9525, -0.0944823, -0.0318358, 14.4648, 16.9525, -0.0944823, -0.0318358, 14.4648, 16.9525, -0.0944823, -0.0323332, 14.4648
16473, 16.9525, -0.0944823, -0.0323332, 14.4648, 16.9525, -0.0944823, -0.0323332, 14.4648, 16.9525, -0.0944823, -0.0323332, 14.4648, 16.9525
16493, -0.0944823, -0.0323332, 14.4648, 16.9525, -0.0944823, -0.0323332, 14.4648, 16.9525, -0.0944823, -0.0323332, 14.4648, 16.9525, -0.0944823
16513, -0.0313383, 14.4648, 16.9587, -0.0944823, -0.0313383, 14.4648, 16.9587, -0.0944823, -0.0313383, 14.4648, 16.9587, -0.0944823, -0.0313383
16533, 14.4648, 16.9587, -0.0944823, -0.0313383, 14.4648, 16.9587, -0.0944823, -0.0313383, 14.4648, 16.9587, -0.0944823, -0.0313383, 14.4648
16553, 16.9587, -0.0809848, -0.0303435, 14.4627, 16.9587, -0.0809848, -0.0303435, 14.4627, 16.9587, -0.0809848, -0.0303435, 14.4627, 16.9587
16573, -0.0809848, -0.0303435, 14.4627, 16.9587, -0.0809848, -0.0303435, 14.4627, 16.9587, -0.0809848, -0.0303435, 14.4627, 16.9587, -0.0809848
16593, -0.0303435, 14.4627, 16.9587, -0.0809848, -0.029846, 14.4605, 16.9649, -0.0809848, -0.029846, 14.4605, 16.9649, -0.0809848, -0.029846
16613, 14.4605, 16.9649, -0.0809848, -0.029846, 14.4605, 16.9649, -0.0809848, -0.029846, 14.4605, 16.9649, -0.0809848, -0.029846, 14.4605
16613, 0.00248717, 0, 0.00314433, -0.0809848, 0.00198974, 0, 0.00104811, -0.0809848, 0.00248717, 0.00123736, 0, -0.0809848, 0.00248717
16634, 0.00123736, 0.00104811, -0.0809848, 0.00248717, 0.00123736, 0.00104811, -0.0809848, 0.00248717, 0.00123736, 0.00209622, -0.0809848, 0.00198974, 0.00123736
16655, 0.00524056, -0.0809848, 0.0014923, 0.00123736, 0.00628867, -0.0809848, 0.0014923, 0, 0.00419245, -0.0809848, 0.00198974, 0, 0.00314433
16676, -0.0809848, 0.00198974, 0, 0.00314433, -0.0809848, 0.00198974, 0, 0.00209622, -0.0809848, 0.00198974, 0, -0.00104811, -0.0809848
16697, 0.00198974, 0, -0.00209622, -0.0809848, 0.0014923, 0, 0, -0.0809848, 0.0014923, 0, 0.00104811, -0.0809848, 0.0014923
16718, 0, 0.00104811, -0.0809848, 0.0014923, 0.00123736, 0.00104811, -0.0809848, 0.00248717, 0.00123736, 0.00104811, -0.0809848, 0.00198974, 0.00123736
16739, 0.00209622, -0.0809848, 0.00248717, 0, 0.00209622, -0.0809848, 0.0029846, 0, 0.00314433, -0.0809848, 0.0029846, 0, 0.00314433
16760, -0.0809848, 0.0029846, 0, -0.00104811, -0.0809848, 0.0029846, 0, -0.00209622, -0.0809848, 0.0029846, 0, -0.00209622, -0.0809848
16781, -0.0318358, 14.4605, 16.9587, -0.0809848, -0.0318358, 14.4605, 16.9587, -0.0809848, -0.0318358, 14.4605, 16.9587, -0.0809848, -0.0303435
16801, 14.467, 16.9649, -0.0944823, -0.0303435, 14.467, 16.9649, -0.0944823, -0.0308409, 14.4627, 16.9649, -0.0944823, -0.0308409, 14.4627
16821, 16.9649, -0.0944823, -0.0308409, 14.4627, 16.9649, -0.0944823, -0.0308409, 14.4627, 16.9649, -0.0944823, -0.0308409, 14.4627, 16.9649
16841, -0.0944823, -0.0308409, 14.4627, 16.9649, -0.0944823, -0.0308409, 14.4627, 16.9649, -0.0944823, -0.0313383, 14.4605, 16.9556, -0.0944823
16861, -0.0313383, 14.4605, 16.9556, -0.0944823, -0.0313383, 14.4605, 16.9556, -0.0944823, -0.0313383, 14.4605, 16.9556, -0.0944823, -0.0313383
16881, 14.4605, 16.9556, -0.0944823, -0.0313383, 14.4605, 16.9556, -0.0944823, -0.0313383, 14.4605, 16.9556, -0.0944823, -0.0318358, 14.4627
16901, 16.9525, -0.0944823, -0.0318358, 14.4627, 16.9525, -0.0944823, -0.0318358, 14.4627, 16.9525, -0.0944823, -0.0318358, 14.4627, 16.9525
16921, -0.0944823, -0.0318358, 14.4627, 16.9525, -0.0944823, -0.0318358, 14.4627, 16.9525, -0.0944823, -0.0318358, 14.4627, 16.9525, -0.0944823
16941, -0.0318358, 14.4648, 16.9525, -0.0944823, -0.0318358, 14.4648, 16.9525, -0.0944823, -0.0318358, 14.4648, 16.9525, -0.0944823, -0.0318358
16961, 14.4648, 16.9525, -0.0944823, -0.0318358, 14.4648, 16.9525, -0.0944823, -0.0318358, 14.4648, 16.9525, -0.0944823, -0.0323332, 14.4648
16981, 16.9525, -0.0944823, -0.0323332, 14.4648, 16.9525, -0.0944823, -0.0323332, 14.4648, 16.9525, -0.0944823, -0.0323332, 14.4648, 16.9525
17001, -0.0944823, -0.0323332, 14.4648, 16.9525, -0.0944823, -0.0323332, 14.4648, 16.9525, -0.0944823, -0.0323332, 14.4648, 16.9525, -0.0944823
17021, -0.0313383, 14.4648, 16.9587, -0.0944823, -0.0313383, 14.4648, 16.9587, -0.0944823, -0.0313383, 14.4648, 16.9587, -0.0944823, -0.0313383
17041, 14.4648, 16.9587, -0.0944823, -0.0313383, 14.4648, 16.9587, -0.0944823, -0.0313383, 14.4648, 16.9587, -0.0944823, -0.0313383, 14.4648
17061, 16.9587, -0.0809848, -0.0303435, 14.4627, 16.9587, -0.0809848, -0.0303435, 14.4627, 16.9587, -0.0809848, -0.0303435, 14.4627, 16.9587
17081, -0.0809848, -0.0303435, 14.4627, 16.9587, -0.0809848, -0.0303435, 14.4627, 16.9587, -0.0809848, -0.0303435, 14.4627, 16.9587, -0.0809848
17101, -0.0303435, 14.4627, 16.9587, -0.0809848, -0.029846, 14.4605, 16.9649, -0.0809848, -0.029846, 14.4605, 16.9649, -0.0809848, -0.029846
17121, 14.4605, 16.9649, -0.0809848, -0.029846, 14.4605, 16.9649, -0.0809848, -0.029846, 14.4605, 16.9649, -0.0809848, -0.029846, 14.4605
17121, 0.0029846, 0, -0.00209622, -0.0809848, 0.00198974, 0, -0.00419245, -0.0809848, 0.00198974, 0.00247472, -0.00524056, -0.0809848, 0.0014923
17141, 0.00371207, -0.00628867, -0.0809848, 0.000994868, 0.00123736, -0.00524056, -0.0809848, 0.000497434, 0, -0.00524056, -0.0809848, 0.000497434, 0.00123736
17161, -0.00314433, -0.0809848, 0.000497434, 0.00123736, -0.00314433, -0.0809848, 0.0014923, 0.00247472, -0.00209622, -0.0809848, 0.00198974, 0.00123736, 0
17181, -0.0809848, 0.00248717, 0.00123736, 0.00104811, -0.0809848, 0.00248717, 0.00123736, 0.00314433, -0.0809848, 0.00198974, 0.00123736, 0.00419245, -0.0809848
17201, 0.00198974, 0.00123736, 0.00314433, -0.0809848, 0.0029846, 0.00123736, 0.00314433, -0.0809848, 0.00348204, 0.00247472, 0.00314433, -0.0809848, 0.0029846
17221, 0.00247472, 0.00314433, -0.0809848, 0.00248717, 0.00123736, 0.00104811, -0.0809848, 0.00248717, 0.00123736, 0.00209622, -0.0809848, 0.00248717, 0.00247472
17241, 0.00314433, -0.0809848, 0.00248717, 0.00247472, 0.00314433, -0.0809848, 0.00248717, 0.00247472, 0.00314433, -0.0809848, 0.00248717, 0.00123736, 0.00314433
17261, -0.0944823, 0.00348204, 0.00123736, 0.00314433, -0.0944823, 0.00397947, 0.00247472, 0.00419245, -0.0944823, 0.00397947, 0.00247472, 0.00419245, -0.0944823
17281, 0.00397947, 0.00247472, 0.00419245, -0.0944823, -0.0318358, 14.4605, 16.9587, -0.0809848, -0.0318358, 14.4605, 16.9587, -0.0809848, -0.0303435
17301, 14.467, 16.9649, -0.0944823, -0.0303435, 14.467, 16.9649, -0.0944823, -0.0308409, 14.4627, 16.9649, -0.0944823, -0.0308409, 14.4627
17321, 16.9649, -0.0944823, -0.0308409, 14.4627, 16.9649, -0.0944823, -0.0308409, 14.4627, 16.9649, -0.0944823, -0.0308409, 14.4627, 16.9649
17341, -0.0944823, -0.0308409, 14.4627, 16.9649, -0.0944823, -0.0308409, 14.4627, 16.9649, -0.0944823, -0.0313383, 14.4605, 16.9556, -0.0944823
17361, -0.0313383, 14.4605, 16.9556, -0.0944823, -0.0313383, 14.4605, 16.9556, -0.0944823, -0.0313383, 14.4605, 16.9556, -0.0944823, -0.0313383
17381, 14.4605, 16.9556, -0.0944823, -0.0313383, 14.4605, 16.9556, -0.0944823, -0.0313383, 14.4605, 16.9556, -0.0944823, -0.0318358, 14.4627
17401, 16.9525, -0.0944823, -0.0318358, 14.4627, 16.9525, -0.0944823, -0.0318358, 14.4627, 16.9525, -0.0944823, -0.0318358, 14.4627, 16.9525
17421, -0.0944823, -0.0318358, 14.4627, 16.9525, -0.0944823, -0.0318358, 14.4627, 16.9525, -0.0944823, -0.0318358, 14.4627, 16.9525, -0.0944823
17441, -0.0318358, 14.4648, 16.9525, -0.0944823, -0.0318358, 14.4648, 16.9525, -0.0944823, -0.0318358, 14.4648, 16.9525, -0.0944823, -0.0318358
17461, 14.4648, 16.9525, -0.0944823, -0.0318358, 14.4648, 16.9525, -0.0944823, -0.0318358, 14.4648, 16.9525, -0.0944823, -0.0323332, 14.4648
17481, 16.9525, -0.0944823, -0.0323332, 14.4648, 16.9525, -0.0944823, -0.0323332, 14.4648, 16.9525, -0.0944823, -0.0323332, 14.4648, 16.9525
17501, -0.0944823, -0.0323332, 14.4648, 16.9525, -0.0944823, -0.0323332, 14.4648, 16.9525, -0.0944823, -0.0323332, 14.4648, 16.9525, -0.0944823
17521, -0.0313383, 14.4648, 16.9587, -0.0944823, -0.0313383, 14.4648, 16.9587, -0.0944823, -0.0313383, 14.4648, 16.9587, -0.0944823, -0.0313383
17541, 14.4648, 16.9587, -0.0944823, -0.0313383, 14.4648, 16.9587, -0.0944823, -0.0313383, 14.4648, 16.9587, -0.0944823, -0.0313383, 14.4648
17561, 16.9587, -0.0809848, -0.0303435, 14.4627, 16.9587, -0.0809848, -0.0303435, 14.4627, 16.9587, -0.0809848, -0.0303435, 14.4627, 16.9587
17581, -0.0809848, -0.0303435, 14.4627, 16.9587, -0.0809848, -0.0303435, 14.4627, 16.9587, -0.0809848, -0.0303435, 14.4627, 16.9587, -0.0809848
17601, -0.0303435, 14.4627, 16.9587, -0.0809848, -0.029846, 14.4605, 16.9649, -0.0809848, -0.029846, 14.4605, 16.9649, -0.0809848, -0.029846
17621, 14.4605, 16.9649, -0.0809848, -0.029846, 14.4605, 16.9649, -0.0809848, -0.029846, 14.4605, 16.9649, -0.0809848, -0.029846, 14.4605
17641, 16.9649, -0.0809848, -0.029846, 14.4605, 16.9649, -0.0809848, -0.029846, 14.4605, 16.968, -0.0809848, -0.029846, 14.4605, 16.968
